Date,Open,High,Low,Close,Adj Close,Volume
5/3/2023,278.399994,283.670013,274.720001,278.019989,278.019989,38338700
5/2/2023,286.799988,288.359985,280.829987,282.100006,282.100006,40273000
5/1/2023,278.399994,290.579987,277.799988,289.100006,289.100006,57032900
4/30/2023,272.25,,,,,
4/29/2023,272.25,,,,,
4/28/2023,272.25,277.579987,270.709991,277.48999,277.48999,29168700
4/27/2023,273.630005,274.950012,266.25,272.26001,272.26001,37716100
4/26/2023,270.019989,273.299988,267.049988,269.559998,269.559998,40633700
4/25/2023,270.779999,272.470001,262.25,262.410004,262.410004,37852700
4/24/2023,270.130005,273.660004,266.709991,270.420013,270.420013,33928200
4/23/2023,269.519989,,,,,
4/22/2023,269.519989,,,,,
4/21/2023,269.519989,271.829987,267.220001,271.190002,271.190002,34510300
4/20/2023,276.709991,280.299988,270,271.040009,271.040009,42771300
4/19/2023,273.609985,280,272.320007,279.309998,279.309998,35866000
4/18/2023,275.329987,281.100006,273.570007,276.670013,276.670013,60481200
4/17/2023,265.649994,270.059998,264.329987,270.019989,270.019989,32147100
4/16/2023,265.040009,,,,,
4/15/2023,265.040009,,,,,
4/14/2023,265.040009,268.829987,262.200012,267.579987,267.579987,39566000
4/13/2023,267.339996,268.869995,263.290009,264.630005,264.630005,35361500
4/12/2023,273.700012,274.679993,264.480011,264.950012,264.950012,44625900
4/11/2023,277.23999,277.899994,271.26001,271.690002,271.690002,31437800
4/10/2023,268.230011,276.209991,266.690002,275.790009,275.790009,39527900
4/9/2023,265.839996,,,,,
4/8/2023,265.839996,,,,,
4/7/2023,265.839996,,,,,
4/6/2023,265.839996,270.799988,264.269989,270.369995,270.369995,39765400
4/5/2023,268.290009,269.980011,263.950012,268.809998,268.809998,51501500
4/4/2023,279.660004,280,273.070007,274.529999,274.529999,36859200
4/3/2023,275.089996,280,273.359985,279.649994,279.649994,39871600
4/2/2023,271.399994,,,,,
4/1/2023,271.399994,,,,,
3/31/2023,271.399994,278.339996,271.049988,277.769989,277.769989,43393300
3/30/2023,272.290009,274.98999,271.019989,273.829987,273.829987,36451600
3/29/2023,268.25,270.779999,265.970001,269.839996,269.839996,39369400
3/28/2023,264.470001,265.130005,258.5,264.100006,264.100006,35610400
3/27/2023,268.369995,270,263.649994,265.309998,265.309998,36102600
3/26/2023,270.309998,,,,,
3/25/2023,270.309998,,,,,
3/24/2023,270.309998,271.670013,263.549988,267.790009,267.790009,45492000
3/23/2023,271.149994,274.98999,266.899994,271.910004,271.910004,56488900
3/22/2023,264.25,275.890015,262.369995,264.679993,264.679993,79729500
3/21/2023,261.799988,263.920013,253.809998,261.98999,261.98999,54740800
3/20/2023,256.149994,260.23999,251.300003,259,259,43274700
3/19/2023,259.820007,,,,,
3/18/2023,259.820007,,,,,
3/17/2023,259.820007,263.98999,256.679993,257.25,257.25,84854700
3/16/2023,240.270004,255.880005,238.940002,255.410004,255.410004,58325300
3/15/2023,237.610001,242.860001,233.600006,242.279999,242.279999,52448600
3/14/2023,234.960007,242.190002,234.600006,240.630005,240.630005,47491000
3/13/2023,227.520004,232.979996,222.970001,229.660004,229.660004,42189000
3/12/2023,234.089996,,,,,
3/11/2023,234.089996,,,,,
3/10/2023,234.089996,236.270004,227.259995,229.649994,229.649994,47486600
3/9/2023,241.75,244.539993,233.830002,234.360001,234.360001,50125700
3/8/2023,234.869995,242,234.240005,241.809998,241.809998,51357300
3/7/2023,236,241.25,232.410004,232.880005,232.880005,51515400
3/6/2023,238.910004,242.479996,234.869995,235.539993,235.5,43742900
3/5/2023,233.199997,,,,,
3/4/2023,233.199997,,,,,
3/3/2023,233.199997,239,231.300003,238.899994,238.859421,41239300
3/2/2023,224.880005,233.800003,224.320007,233.139999,233.100403,38941500
3/1/2023,231.919998,232.559998,225.080002,226.979996,226.941452,46002600
2/28/2023,233.720001,238.25,232.059998,232.160004,232.120575,45596300
2/27/2023,236.699997,238.800003,234.539993,235.009995,234.970093,45299400
2/26/2023,232.25,,,,,
2/25/2023,232.25,,,,,
2/24/2023,232.25,234.740005,229.470001,232.860001,232.820465,58971600
2/23/2023,234.399994,238.880005,230.25,236.639999,236.599808,111799500
2/22/2023,207.070007,211.039993,204.210007,207.539993,207.504745,51318400
2/21/2023,210,214.940002,206.179993,206.550003,206.514923,41001500
2/20/2023,216.309998,,,,,
2/19/2023,216.309998,,,,,
2/18/2023,216.309998,,,,,
2/17/2023,216.309998,217.399994,209.75,213.880005,213.843689,46588800
2/16/2023,221.330002,225.5,219.270004,220.020004,219.982635,41202600
2/15/2023,225.490005,228.550003,221.059998,227.639999,227.601349,42057500
2/14/2023,215.779999,230.490005,213.660004,229.710007,229.671005,67547400
2/13/2023,215.380005,220.479996,209.619995,217.880005,217.843002,47491900
2/12/2023,216.899994,,,,,
2/11/2023,216.899994,,,,,
2/10/2023,216.899994,220.779999,208.110001,212.649994,212.613876,55073700
2/9/2023,226.059998,230.199997,221.199997,223.369995,223.332062,52387600
2/8/2023,223.869995,228.779999,220.080002,222.050003,222.012299,55965100
2/7/2023,213.820007,222.589996,211.5,221.729996,221.692337,66415000
2/6/2023,208.059998,215.699997,207.860001,210.889999,210.854187,45219700
2/5/2023,210,,,,,
2/4/2023,210,,,,,
2/3/2023,210,217.449997,207.889999,211,210.964172,42936600
2/2/2023,210,219.490005,207,217.089996,217.053131,56427600
2/1/2023,196.910004,211.919998,196.110001,209.429993,209.394424,66047700
1/31/2023,191.699997,196.869995,189.5,195.369995,195.336823,49801700
1/30/2023,199.5,201.399994,191.5,191.619995,191.587448,48861100
1/29/2023,194.619995,,,,,
1/28/2023,194.619995,,,,,
1/27/2023,194.619995,206.279999,194.050003,203.649994,203.615417,54214200
1/26/2023,197.009995,201.660004,192.779999,198.020004,197.986374,48953500
1/25/2023,189.130005,193.699997,185.800003,193.229996,193.197189,44953700
1/24/2023,188.270004,194.949997,188.199997,192.649994,192.617279,49620400
1/23/2023,180.639999,192.449997,178.179993,191.929993,191.8974,65516300
1/22/2023,170.110001,,,,,
1/21/2023,170.110001,,,,,
1/20/2023,170.110001,178.559998,168.25,178.389999,178.359711,56496700
1/19/2023,170.360001,171.970001,167.309998,167.649994,167.621521,45293200
1/18/2023,176.669998,178.729996,172.820007,173.770004,173.740494,43962400
1/17/2023,168.990005,177.279999,168.990005,177.020004,176.989944,51110200
1/16/2023,162.779999,,,,,
1/15/2023,162.779999,,,,,
1/14/2023,162.779999,,,,,
1/13/2023,162.779999,169.220001,161.649994,168.990005,168.961304,44728700
1/12/2023,161,166.369995,154.919998,165.110001,165.08197,55140900
1/11/2023,158.399994,160.279999,155.630005,160.009995,159.982819,35328500
1/10/2023,155.070007,159.619995,154.720001,159.089996,159.062988,38410100
1/9/2023,152.839996,160.559998,151.410004,156.279999,156.253464,50423100
1/8/2023,144.740005,,,,,
1/7/2023,144.740005,,,,,
1/6/2023,144.740005,150.100006,140.339996,148.589996,148.564758,40504400
1/5/2023,144.910004,145.639999,141.479996,142.649994,142.625763,38916800
1/4/2023,145.669998,148.529999,142.410004,147.490005,147.464966,43132400
1/3/2023,148.509995,149.960007,140.960007,143.149994,143.125687,40127700
1/2/2023,143.339996,,,,,
1/1/2023,143.339996,,,,,
12/31/2022,143.339996,,,,,
12/30/2022,143.339996,146.289993,142.330002,146.139999,146.115189,31049000
12/29/2022,144.020004,146.830002,142.270004,146.029999,146.005203,35492300
12/28/2022,139.270004,142.619995,138.839996,140.360001,140.336166,35106600
12/27/2022,150.740005,151,140.559998,141.210007,141.18602,46490200
12/26/2022,151.960007,,,,,
12/25/2022,151.960007,,,,,
12/24/2022,151.960007,,,,,
12/23/2022,151.960007,153.389999,148.830002,152.059998,152.03418,34932600
12/22/2022,160.940002,161.380005,148.820007,153.389999,153.363953,56504500
12/21/2022,161.139999,166.270004,161.020004,165.009995,164.981979,32502500
12/20/2022,160.639999,163.100006,158.520004,160.850006,160.822693,40326000
12/19/2022,165.720001,166.089996,161.449997,162.539993,162.51239,35403900
12/18/2022,168.639999,,,,,
12/17/2022,168.639999,,,,,
12/16/2022,168.639999,170.410004,164.100006,165.710007,165.68187,47823200
12/15/2022,171.460007,173.199997,167,169.520004,169.491211,47854200
12/14/2022,179.869995,182.520004,174.199997,176.740005,176.709991,49688800
12/13/2022,185.309998,187.899994,177.110001,180.720001,180.689316,65658900
12/12/2022,170.369995,175.380005,167.970001,175.350006,175.320236,45732800
12/11/2022,171.600006,,,,,
12/10/2022,171.600006,,,,,
12/9/2022,171.600006,175.830002,169.75,170.009995,169.981125,46533800
12/8/2022,162.729996,171.789993,159.589996,171.690002,171.660843,51545600
12/7/2022,157.720001,161.860001,156.669998,161.199997,161.172623,37238800
12/6/2022,165.300003,165.729996,158.190002,159.869995,159.84285,35269400
12/5/2022,166.789993,169.949997,164.720001,166.100006,166.071793,35225500
12/4/2022,166.589996,,,,,
12/3/2022,166.589996,,,,,
12/2/2022,166.589996,169.330002,164.449997,168.759995,168.731339,37138900
12/1/2022,169.990005,172.649994,166.350006,171.350006,171.320908,47097700
11/30/2022,156.970001,169.300003,155.970001,169.229996,169.201263,56529800
11/29/2022,158.270004,159.320007,155.199997,156.389999,156.323456,29838400
11/28/2022,160.259995,163.570007,157.25,158.270004,158.202652,30374100
11/27/2022,163.179993,,,,,
11/26/2022,163.179993,,,,,
11/25/2022,163.179993,164.869995,161.720001,162.699997,162.630768,16793400
11/24/2022,160.979996,,,,,
11/23/2022,160.979996,165.270004,160.479996,165.190002,165.119705,42724100
11/22/2022,153.279999,160.580002,151.220001,160.380005,160.311768,47286600
11/21/2022,151.470001,154.770004,150.800003,153.169998,153.104828,40473900
11/20/2022,159.660004,,,,,
11/19/2022,159.660004,,,,,
11/18/2022,159.660004,160.020004,151.199997,154.089996,154.024429,49207200
11/17/2022,157.149994,162.660004,155.350006,156.770004,156.703293,71089400
11/16/2022,161.619995,163.619995,158.729996,159.100006,159.032303,64954700
11/15/2022,167.220001,169.979996,163.820007,166.660004,166.589081,54587600
11/14/2022,162.179993,165.399994,159.220001,162.949997,162.880661,52785200
11/13/2022,158.070007,,,,,
11/12/2022,158.070007,,,,,
11/11/2022,158.070007,163.889999,154.820007,163.270004,163.200516,65548700
11/10/2022,148,157.729996,145.470001,157.5,157.432983,70081900
11/9/2022,141.619995,142.110001,137.589996,137.759995,137.70137,45441400
11/8/2022,148.009995,148.910004,142.160004,146.020004,145.957855,59529200
11/7/2022,142.279999,144.119995,139.539993,143.009995,142.949142,41006100
11/6/2022,139.860001,,,,,
11/5/2022,139.860001,,,,,
11/4/2022,139.860001,142.289993,136.970001,141.559998,141.499756,61257600
11/3/2022,130.429993,137.809998,129.559998,134.210007,134.152893,50006500
11/2/2022,138.5,142.100006,132.110001,132.190002,132.133743,67262800
11/1/2022,138.110001,139.25,135.190002,135.429993,135.37236,43281700
10/31/2022,137.779999,138.380005,132.970001,134.970001,134.912567,48634100
10/30/2022,131.039993,,,,,
10/29/2022,131.039993,,,,,
10/28/2022,131.039993,138.5,130.610001,138.339996,138.281128,52104000
10/27/2022,136.300003,138.380005,131.220001,131.759995,131.703918,58311300
10/26/2022,128.690002,133.880005,127.080002,128.960007,128.905121,53295300
10/25/2022,126.940002,133,126.639999,132.610001,132.553574,50548200
10/24/2022,125.080002,127.099998,120.639999,125.989998,125.936378,51745700
10/23/2022,120.980003,,,,,
10/22/2022,120.980003,,,,,
10/21/2022,120.980003,124.980003,118.870003,124.660004,124.606956,60949400
10/20/2022,121.129997,127.690002,121.050003,121.940002,121.888115,65239800
10/19/2022,118.790001,123.5,118.339996,120.510002,120.458717,52313100
10/18/2022,123.440002,124.919998,116.18,119.669998,119.619072,65936200
10/17/2022,115.18,119.480003,115.169998,118.879997,118.829414,58077400
10/16/2022,120.57,,,,,
10/15/2022,120.57,,,,,
10/14/2022,120.57,121.110001,112.040001,112.269997,112.222221,71343200
10/13/2022,109.709999,120.779999,108.129997,119.599998,119.54911,85010300
10/12/2022,115.790001,117.349998,113.449997,115,114.951065,49259000
10/11/2022,115.610001,118.459999,112.830002,115.860001,115.810699,66748200
10/10/2022,120.370003,121.239998,114.080002,116.699997,116.650337,69869900
10/9/2022,125.050003,,,,,
10/8/2022,125.050003,,,,,
10/7/2022,125.050003,126.699997,120.220001,120.760002,120.708618,67247800
10/6/2022,132.199997,136.559998,131.029999,131.300003,131.244125,64415700
10/5/2022,129.110001,133.210007,126.209999,132.089996,132.033783,50713100
10/4/2022,128.789993,132.199997,128.789993,131.669998,131.613968,58418200
10/3/2022,123.470001,126.779999,121.050003,125.120003,125.066765,54747800
10/2/2022,120.870003,,,,,
10/1/2022,120.870003,,,,,
9/30/2022,120.870003,126.330002,120.75,121.389999,121.338348,56563800
9/29/2022,124.480003,125,119.459999,122.199997,122.147995,53276300
9/28/2022,124.099998,128.229996,123.540001,127.360001,127.305801,54241400
9/27/2022,125.07,127.360001,122.580002,124.129997,124.077179,55385400
9/26/2022,124.910004,126.589996,122.139999,122.279999,122.227966,54734300
9/25/2022,124.199997,,,,,
9/24/2022,124.199997,,,,,
9/23/2022,124.199997,126.110001,122.57,125.160004,125.106743,66330900
9/22/2022,130.699997,131.490005,124.279999,125.610001,125.556549,75916200
9/21/2022,132.130005,140.309998,131.100006,132.610001,132.553574,80767900
9/20/2022,132.149994,134.830002,130.570007,131.759995,131.703918,52481800
9/19/2022,130.119995,134.630005,130.100006,133.820007,133.763062,56968500
9/18/2022,127.419998,,,,,
9/17/2022,127.419998,,,,,
9/16/2022,127.419998,132.119995,126.169998,131.979996,131.923843,67075100
9/15/2022,130.149994,132.330002,127.900002,129.289993,129.234985,52362500
9/14/2022,132.539993,132.899994,129.130005,131.279999,131.224136,58850700
9/13/2022,138.020004,139.220001,130.990005,131.309998,131.25412,71495600
9/12/2022,143.690002,145.470001,141.979996,145.050003,144.988281,48415900
9/11/2022,141.570007,,,,,
9/10/2022,141.570007,,,,,
9/9/2022,141.570007,144.740005,141.259995,143.869995,143.808762,48661200
9/8/2022,134.589996,140.080002,133.690002,139.899994,139.840454,62487300
9/7/2022,135.630005,138.380005,133.460007,137.139999,137.081635,51265700
9/6/2022,137.309998,137.789993,133.509995,134.649994,134.552719,53575100
9/5/2022,141,,,,,
9/4/2022,141,,,,,
9/3/2022,141,,,,,
9/2/2022,141,141.710007,135.910004,136.470001,136.371414,74315700
9/1/2022,142.089996,143.800003,132.699997,139.369995,139.269302,117886500
8/31/2022,153.839996,155.399994,149.589996,150.940002,150.830963,57371000
8/30/2022,159.600006,160.389999,151.820007,154.679993,154.568237,53018100
8/29/2022,160.199997,163.380005,157.669998,158.009995,157.895828,49613200
8/28/2022,178.570007,,,,,
8/27/2022,178.570007,,,,,
8/26/2022,178.570007,179.240005,162.369995,162.600006,162.482544,76912700
8/25/2022,168.440002,179.470001,168.330002,179.130005,179.00058,77069100
8/24/2022,170.119995,174.059998,168.949997,172.220001,172.095581,52266100
8/23/2022,169.889999,174.649994,169.699997,171.809998,171.685852,36998600
8/22/2022,174.899994,175.580002,169.660004,170.339996,170.216934,40959300
8/21/2022,184.059998,,,,,
8/20/2022,184.059998,,,,,
8/19/2022,184.059998,185.199997,177.699997,178.490005,178.361053,44158800
8/18/2022,183.009995,188.649994,181.830002,187.729996,187.59436,41544700
8/17/2022,185.229996,186.880005,181.449997,183.350006,183.217545,44679900
8/16/2022,189.199997,191.419998,185.009995,188.789993,188.65361,45124000
8/15/2022,187.009995,191.639999,186.130005,190.320007,190.182495,45766600
8/14/2022,181.600006,,,,,
8/13/2022,181.600006,,,,,
8/12/2022,181.600006,187.179993,179.529999,187.089996,186.954819,47809400
8/11/2022,181.309998,187.070007,178.759995,179.419998,179.290375,50932700
8/10/2022,176.979996,181.179993,173.169998,180.970001,180.839264,59742200
8/9/2022,172.520004,174.470001,167.240005,170.860001,170.736557,66826300
8/8/2022,175.020004,182.389999,172.419998,177.929993,177.801437,98185900
8/7/2022,188.100006,,,,,
8/6/2022,188.100006,,,,,
8/5/2022,188.100006,192.289993,186.660004,189.889999,189.752808,38606800
8/4/2022,188.490005,192.740005,187.600006,192.149994,192.011169,40965200
8/3/2022,181.839996,189.679993,181.369995,188.929993,188.793488,41814600
8/2/2022,181.220001,189.380005,180.919998,185.259995,185.12616,48952700
8/1/2022,181.820007,188.460007,179.899994,184.410004,184.276764,47646900
7/31/2022,178.130005,,,,,
7/30/2022,178.130005,,,,,
7/29/2022,178.130005,182.440002,176.919998,181.630005,181.498779,43546000
7/28/2022,179.75,181.399994,174.399994,179.839996,179.710068,47464600
7/27/2022,170.320007,179.360001,169.130005,177.899994,177.771469,56977600
7/26/2022,168.889999,169.190002,164.779999,165.330002,165.210571,39786500
7/25/2022,170.190002,171.240005,166.490005,170.240005,170.117004,48074800
7/24/2022,178.929993,,,,,
7/23/2022,178.929993,,,,,
7/22/2022,178.929993,179.669998,171.369995,173.190002,173.06488,53667100
7/21/2022,178.850006,181.440002,175.449997,180.5,180.369598,55704900
7/20/2022,169.470001,179.330002,168.009995,178.070007,177.94136,76053800
7/19/2022,164.860001,171.100006,161.720001,169.919998,169.797226,70236600
7/18/2022,163.020004,168.970001,160.020004,161.009995,160.893677,67051700
7/17/2022,156.589996,,,,,
7/16/2022,156.589996,,,,,
7/15/2022,156.589996,157.820007,154.449997,157.619995,157.506119,38593500
7/14/2022,151.080002,154.729996,147.279999,153.720001,153.608948,45623500
7/13/2022,145.899994,153.75,144.649994,151.639999,151.530441,52191800
7/12/2022,152.679993,154.309998,148.770004,150.820007,150.711044,45848300
7/11/2022,155.259995,155.270004,150.380005,151.520004,151.410522,43732100
7/10/2022,154.300003,,,,,
7/9/2022,154.300003,,,,,
7/8/2022,154.300003,160.369995,153.889999,158.380005,158.265579,46797200
7/7/2022,154.559998,159.449997,153.889999,158.580002,158.465439,49290300
7/6/2022,150.100006,153.190002,147.889999,151.300003,151.190704,52906600
7/5/2022,141.75,149.710007,140.550003,149.639999,149.531891,65139700
7/4/2022,148.990005,,,,,
7/3/2022,148.990005,,,,,
7/2/2022,148.990005,,,,,
7/1/2022,148.990005,150.630005,143.919998,145.229996,145.125076,57761000
6/30/2022,153.610001,155.669998,148.619995,151.589996,151.480469,68607000
6/29/2022,158.139999,158.199997,151.699997,155.419998,155.307709,48235200
6/28/2022,169,172.020004,159.449997,159.820007,159.704544,46114900
6/27/2022,173.119995,173.300003,166.259995,168.690002,168.568115,42796800
6/26/2022,165,,,,,
6/25/2022,165,,,,,
6/24/2022,165,171.399994,163.100006,171.259995,171.136261,47215300
6/23/2022,165.190002,165.850006,158.529999,162.25,162.132782,46368000
6/22/2022,162.259995,166.619995,161.800003,163.600006,163.481812,43713500
6/21/2022,164.75,170.080002,164.070007,165.660004,165.540314,48308900
6/20/2022,156.479996,,,,,
6/19/2022,156.479996,,,,,
6/18/2022,156.479996,,,,,
6/17/2022,156.479996,159.949997,153.279999,158.800003,158.685272,63033400
6/16/2022,158.600006,159.419998,154.009995,156.009995,155.897278,54574900
6/15/2022,160.949997,168.679993,159.259995,165.270004,165.150604,56393600
6/14/2022,157.309998,160.660004,154.119995,158.360001,158.24559,46968000
6/13/2022,160,163.119995,156.059998,156.470001,156.356949,60415300
6/12/2022,176,,,,,
6/11/2022,176,,,,,
6/10/2022,176,176.970001,168.690002,169.740005,169.617371,46524800
6/9/2022,184.809998,189.330002,180.410004,180.479996,180.349609,39557400
6/8/2022,187.990005,191.800003,185.350006,186.479996,186.345261,36325200
6/7/2022,184.720001,190,181.880005,189.259995,189.083282,38891400
6/6/2022,191.389999,193.369995,185.639999,187.860001,187.684601,42240600
6/5/2022,190.820007,,,,,
6/4/2022,190.820007,,,,,
6/3/2022,190.820007,193.320007,185.220001,187.199997,187.025223,59877900
6/2/2022,182.919998,196.190002,181.979996,195.919998,195.737076,64865600
6/1/2022,187.240005,190.529999,181.220001,183.199997,183.028946,54451400
5/31/2022,189.800003,192,183.5,186.720001,186.54567,66410000
5/30/2022,181.860001,,,,,
5/29/2022,181.860001,,,,,
5/28/2022,181.860001,,,,,
5/27/2022,181.860001,188.809998,181,188.110001,187.934372,73837900
5/26/2022,160.360001,180.919998,160.220001,178.509995,178.343307,99657500
5/25/2022,160.199997,171.110001,160,169.75,169.591507,78113200
5/24/2022,165.100006,165.970001,157.800003,161.539993,161.38916,58855000
5/23/2022,162.740005,169.149994,161.789993,168.979996,168.822205,63988900
5/22/2022,173.320007,,,,,
5/21/2022,173.320007,,,,,
5/20/2022,173.320007,174.100006,157.550003,166.940002,166.784134,73910500
5/19/2022,169.369995,176.869995,167.339996,171.240005,171.080109,62131000
5/18/2022,177.050003,181.179993,168.639999,169.380005,169.221863,54516100
5/17/2022,180.740005,183.710007,176.339996,181.770004,181.600281,58583000
5/16/2022,175.089996,177.880005,171.059998,172.639999,172.478821,52144600
5/15/2022,167.880005,,,,,
5/14/2022,167.880005,,,,,
5/13/2022,167.880005,179.279999,165.929993,177.059998,176.894669,67043700
5/12/2022,162.190002,167.880005,155.669998,161.75,161.598984,70872800
5/11/2022,173.470001,177.529999,165.679993,166.300003,166.144714,67016700
5/10/2022,176.889999,181.979996,170.25,175.949997,175.785721,76147400
5/9/2022,180.339996,182.550003,168.270004,169.5,169.341736,64445500
5/8/2022,187.360001,,,,,
5/7/2022,187.360001,,,,,
5/6/2022,187.360001,195.119995,179.899994,186.75,186.575638,63329700
5/5/2022,198.669998,199.25,185,188.440002,188.264069,62633100
5/4/2022,199.229996,204,187.509995,203.339996,203.150131,64885500
5/3/2022,194,198.25,191.330002,196.020004,195.83699,47575100
5/2/2022,185.410004,195.740005,183.910004,195.330002,195.147629,57204900
5/1/2022,194.020004,,,,,
4/30/2022,194.020004,,,,,
4/29/2022,194.020004,201.279999,185.169998,185.470001,185.296829,50043500
4/28/2022,189.669998,200.369995,184.899994,197.820007,197.635315,57032700
4/27/2022,185.979996,191.669998,182.899994,184.149994,183.978058,49946000
4/26/2022,197.179993,197.880005,186.699997,187.880005,187.70459,65314300
4/25/2022,192.020004,199.449997,190.960007,199.020004,198.834183,64156600
4/24/2022,203.029999,,,,,
4/23/2022,203.029999,,,,,
4/22/2022,203.029999,204.860001,195,195.149994,194.967789,62471300
4/21/2022,217.089996,223.919998,200,201.830002,201.641556,65620900
4/20/2022,225.169998,226.699997,212,214.820007,214.619415,46897400
4/19/2022,217.199997,223.729996,213.139999,221.979996,221.772736,51278100
4/18/2022,212,220.880005,210.789993,217.830002,217.626633,52570100
4/17/2022,225.050003,,,,,
4/16/2022,225.050003,,,,,
4/15/2022,225.050003,,,,,
4/14/2022,225.050003,227.770004,211.630005,212.580002,212.381516,56909700
4/13/2022,217.279999,225,214.550003,222.029999,221.822693,51694300
4/12/2022,225.369995,227.25,212.820007,215.039993,214.839203,66225800
4/11/2022,222.139999,223.199997,216.600006,219.169998,218.965363,57520700
4/10/2022,239.169998,,,,,
4/9/2022,239.169998,,,,,
4/8/2022,239.169998,239.229996,230.619995,231.190002,230.974152,52478100
4/7/2022,244.410004,247.220001,234.779999,242.080002,241.853973,55799200
4/6/2022,249.339996,253,240.029999,244.070007,243.842117,70383300
4/5/2022,272.540009,273.190002,258.200012,259.309998,259.067871,43661500
4/4/2022,267.279999,275.579987,266.130005,273.600006,273.344513,39712000
4/3/2022,273.75,,,,,
4/2/2022,273.75,,,,,
4/1/2022,273.75,274.959991,262.670013,267.119995,266.870575,51723500
3/31/2022,277.820007,282.480011,272.700012,272.859985,272.605225,52344000
3/30/2022,283.040009,284.959991,275.029999,276.899994,276.641449,46348700
3/29/2022,286.950012,289.459991,279.799988,286.559998,286.292419,48898400
3/28/2022,277.559998,282.5,272.059998,282.190002,281.926575,42549400
3/27/2022,278.859985,,,,,
3/26/2022,278.859985,,,,,
3/25/2022,278.859985,283.579987,272.709991,276.920013,276.661469,57901600
3/24/2022,261.660004,283.200012,259.070007,281.5,281.237152,87737900
3/23/2022,261.26001,266.119995,255.75,256.339996,256.100647,50212000
3/22/2022,267.269989,272.380005,260.720001,265.23999,264.992371,54700700
3/21/2022,265.070007,271.519989,259.670013,267.339996,267.090363,59172700
3/20/2022,247.990005,,,,,
3/19/2022,247.990005,,,,,
3/18/2022,247.990005,265.690002,246.240005,264.529999,264.28302,73071900
3/17/2022,241.199997,248.419998,239.059998,247.660004,247.428772,47194100
3/16/2022,235,245.970001,231.720001,244.960007,244.731293,67142200
3/15/2022,215.179993,230.380005,213.220001,229.729996,229.515503,49199600
3/14/2022,218.690002,222.619995,211.589996,213.300003,213.10083,38535400
3/13/2022,230.220001,,,,,
3/12/2022,230.220001,,,,,
3/11/2022,230.220001,231.449997,220.460007,221,220.793655,36720900
3/10/2022,225.309998,227.880005,218.820007,226.580002,226.368469,42806600
3/9/2022,223.869995,232.199997,222.470001,230.139999,229.92511,49274200
3/8/2022,213.089996,223.729996,206.5,215.139999,214.939133,55746700
3/7/2022,228.169998,230.330002,213.300003,213.520004,213.320648,45082100
3/6/2022,233.839996,,,,,
3/5/2022,233.839996,,,,,
3/4/2022,233.839996,236.800003,224.820007,229.360001,229.145844,43141500
3/3/2022,242.619995,243.259995,234.690002,237.139999,236.918579,36509500
3/2/2022,237.559998,244.089996,234.149994,242.199997,241.973862,38964200
3/1/2022,242.910004,243.770004,231.320007,234.770004,234.510849,41205600
2/28/2022,239.919998,246.649994,237.070007,243.850006,243.580826,47731900
2/27/2022,237.210007,,,,,
2/26/2022,237.210007,,,,,
2/25/2022,237.210007,242.169998,233.809998,241.570007,241.303345,52886600
2/24/2022,210.149994,238,208.899994,237.479996,237.21785,73580100
2/23/2022,238.020004,241.550003,223.009995,223.869995,223.622864,56651100
2/22/2022,230.350006,240.639999,230,233.899994,233.6418,63342200
2/21/2022,246.679993,,,,,
2/20/2022,246.679993,,,,,
2/19/2022,246.679993,,,,,
2/18/2022,246.679993,249.860001,231,236.419998,236.159027,76125500
2/17/2022,256.299988,257.850006,241.649994,245.070007,244.799469,81059500
2/16/2022,262.589996,265.820007,255.520004,265.109985,264.817352,73267600
2/15/2022,249.490005,265.450012,247.839996,264.950012,264.657562,69986900
2/14/2022,239.339996,248.75,237.550003,242.669998,242.402115,44042400
2/13/2022,259.160004,,,,,
2/12/2022,259.160004,,,,,
2/11/2022,259.160004,261.519989,237.729996,239.490005,239.225647,60547200
2/10/2022,259.950012,269.25,256,258.23999,257.954895,51320000
2/9/2022,256.220001,267.25,253.529999,267.049988,266.755188,52428200
2/8/2022,243.589996,252.300003,239.800003,251.080002,250.802841,41035900
2/7/2022,243.720001,251.820007,242.020004,247.279999,247.00705,37686800
2/6/2022,239.720001,,,,,
2/5/2022,239.720001,,,,,
2/4/2022,239.720001,246.350006,236.320007,243.190002,242.921539,35482900
2/3/2022,244.580002,250.770004,237.800003,239.479996,239.215652,41017800
2/2/2022,257.940002,258.170013,245.529999,252.419998,252.141373,54341900
2/1/2022,251.039993,251.449997,238.899994,246.380005,246.108032,51892500
1/31/2022,231.820007,245.089996,230.520004,244.860001,244.589722,56468000
1/30/2022,220.119995,,,,,
1/29/2022,220.119995,,,,,
1/28/2022,220.119995,228.580002,212.960007,228.399994,228.147858,54377400
1/27/2022,235.679993,239.949997,216.75,219.440002,219.197754,57335300
1/26/2022,232.399994,240.570007,223,227.720001,227.468628,75595900
1/25/2022,225.460007,229.429993,220,223.240005,222.993576,66461600
1/24/2022,223.300003,233.800003,208.880005,233.720001,233.462006,91398200
1/23/2022,235.070007,,,,,
1/22/2022,235.070007,,,,,
1/21/2022,235.070007,248.229996,232.630005,233.740005,233.481979,71895800
1/20/2022,253.039993,255.789993,240.779999,241.5,241.233414,43518100
1/19/2022,260.790009,265.429993,250.520004,250.669998,250.393295,48831500
1/18/2022,262.600006,266.380005,257.700012,259.029999,258.74411,42427000
1/17/2022,263,,,,,
1/16/2022,263,,,,,
1/15/2022,263,,,,,
1/14/2022,263,271.970001,262.100006,269.420013,269.12262,39583200
1/13/2022,283.790009,284.799988,264.980011,265.75,265.456604,54017100
1/12/2022,280.670013,285.950012,276.079987,279.98999,279.680939,38341300
1/11/2022,273.230011,280.649994,268.390015,278.170013,277.862915,40408900
1/10/2022,265.809998,274.690002,256.440002,274,273.69751,59468100
1/9/2022,281.410004,,,,,
1/8/2022,281.410004,,,,,
1/7/2022,281.410004,284.220001,270.570007,272.470001,272.16925,40993900
1/6/2022,276.399994,284.380005,270.649994,281.779999,281.468933,45418600
1/5/2022,289.48999,294.160004,275.329987,276.040009,275.735291,49806400
1/4/2022,302.769989,304.679993,283.48999,292.899994,292.57666,52715400
1/3/2022,298.149994,307.109985,297.850006,301.209991,300.877472,39154700
1/2/2022,296.73999,,,,,
1/1/2022,296.73999,,,,,
12/31/2021,296.73999,300.299988,293.309998,294.109985,293.785309,26653000
12/30/2021,298.269989,304.570007,295.399994,295.859985,295.533386,30886400
12/29/2021,302.730011,305.480011,293.660004,300.01001,299.678833,34313900
12/28/2021,313.119995,313.299988,300.119995,303.220001,302.885284,42059100
12/27/2021,296.600006,310.869995,296.399994,309.450012,309.108398,40368600
12/26/2021,297.549988,,,,,
12/25/2021,297.549988,,,,,
12/24/2021,297.549988,,,,,
12/23/2021,297.549988,300.589996,294.309998,296.399994,296.072784,34302200
12/22/2021,288.910004,295.549988,284.48999,294,293.675476,39518400
12/21/2021,283.73999,291.200012,274.01001,290.75,290.429047,52438500
12/20/2021,273.049988,281.440002,271.450012,277.190002,276.884003,46184700
12/19/2021,279.850006,,,,,
12/18/2021,279.850006,,,,,
12/17/2021,279.850006,289.220001,277.600006,278.01001,277.703156,71375800
12/16/2021,311.519989,311.600006,280.929993,283.869995,283.55661,70736600
12/15/2021,284,305,278.380005,304.589996,304.253754,69829700
12/14/2021,276.98999,286.779999,272.5,283.369995,283.05719,66703500
12/13/2021,302.48999,302.940002,281.160004,281.609985,281.299133,59834400
12/12/2021,311.5,,,,,
12/11/2021,311.5,,,,,
12/10/2021,311.5,313.049988,298.609985,301.980011,301.646698,48882500
12/9/2021,317.339996,322.049988,304.279999,304.899994,304.563385,48850700
12/8/2021,319.98999,322.899994,314.209991,318.26001,317.908661,47555100
12/7/2021,309.570007,324.48999,306.51001,324.269989,323.912048,59305300
12/6/2021,298.799988,302.410004,280.380005,300.369995,300.038422,65893800
12/5/2021,320,,,,,
12/4/2021,320,,,,,
12/3/2021,320,321.290009,301.299988,306.929993,306.591187,54432500
12/2/2021,312.140015,324.779999,310.25,321.26001,320.905396,47289000
12/1/2021,332.190002,332.890015,313.799988,314.350006,314.002991,48436800
11/30/2021,331.690002,333.529999,318.640015,326.76001,326.359314,62206600
11/29/2021,323.660004,334.119995,320.359985,333.76001,333.350739,45496400
11/28/2021,326,,,,,
11/27/2021,326,,,,,
11/26/2021,326,327.100006,313.5,315.029999,314.643707,28306900
11/25/2021,314.609985,,,,,
11/24/2021,314.609985,328.549988,309.279999,326.73999,326.339325,43516200
11/23/2021,315.350006,323.600006,308.799988,317.459991,317.07074,53216300
11/22/2021,335.170013,346.470001,319,319.559998,319.168152,75433500
11/21/2021,322.429993,,,,,
11/20/2021,322.429993,,,,,
11/19/2021,322.429993,330.880005,319.049988,329.850006,329.445557,53386700
11/18/2021,323.670013,327.600006,313.209991,316.75,316.361633,78171100
11/17/2021,304.179993,305.089996,288,292.609985,292.25116,42850800
11/16/2021,297.589996,303.899994,297.059998,302.029999,301.659698,26448400
11/15/2021,305.519989,306.440002,292.470001,300.25,299.881866,38490900
11/14/2021,300.100006,,,,,
11/13/2021,300.100006,,,,,
11/12/2021,300.100006,306.799988,296.299988,303.899994,303.527344,41305400
11/11/2021,304.679993,305.899994,297.769989,303.899994,303.527344,33217200
11/10/2021,293.559998,308.5,287.779999,294.589996,294.22879,63620600
11/9/2021,322.820007,323.100006,299.640015,306.570007,306.194122,64674600
11/8/2021,301.48999,311,299.070007,308.040009,307.662292,50310100
11/7/2021,301.869995,,,,,
11/6/2021,301.869995,,,,,
11/5/2021,301.869995,314,294.100006,297.519989,297.155182,85126000
11/4/2021,272.290009,313.649994,271.179993,298.01001,297.644592,115363100
11/3/2021,266.700012,267.839996,262.350006,265.980011,265.65387,23991000
11/2/2021,258.220001,266.779999,258,264.01001,263.686279,29411200
11/1/2021,256.48999,258.940002,252.270004,258.269989,257.953278,26574000
10/31/2021,250.009995,,,,,
10/30/2021,250.009995,,,,,
10/29/2021,250.009995,257.089996,250,255.669998,255.356506,29250300
10/28/2021,248.779999,249.5,245.229996,249.410004,249.104172,23420400
10/27/2021,244.740005,250.899994,242.820007,244.509995,244.21019,24599000
10/26/2021,239.889999,252.589996,239.240005,247.169998,246.866898,48589800
10/25/2021,229.729996,233.550003,227.699997,231.660004,231.375946,23023500
10/24/2021,228.229996,,,,,
10/23/2021,228.229996,,,,,
10/22/2021,228.229996,231.300003,225.610001,227.259995,226.981339,24938400
10/21/2021,220.970001,227.110001,220.830002,226.919998,226.641769,18759000
10/20/2021,223.050003,224.330002,219.820007,221.029999,220.758972,14627600
10/19/2021,222.759995,223.789993,220.369995,222.899994,222.626663,16147300
10/18/2021,217.490005,222.910004,216.440002,222.220001,221.947525,18949400
10/17/2021,218.100006,,,,,
10/16/2021,218.100006,,,,,
10/15/2021,218.100006,219.309998,216.619995,218.619995,218.351944,22699400
10/14/2021,212.880005,217.550003,211.220001,217.460007,217.193375,24358900
10/13/2021,209.179993,209.899994,207.130005,209.389999,209.13324,18065200
10/12/2021,208.279999,210.570007,205.279999,206.710007,206.456543,16213400
10/11/2021,205.75,210.630005,205.110001,206.949997,206.696243,16338800
10/10/2021,211.009995,,,,,
10/9/2021,211.009995,,,,,
10/8/2021,211.009995,212.059998,207.75,208.309998,208.054581,15125800
10/7/2021,210.919998,213.220001,209.720001,210.75,210.491592,25691900
10/6/2021,201.199997,207.199997,200.800003,207,206.74617,29720200
10/5/2021,199.5,206.479996,198.539993,204.509995,204.259216,27928200
10/4/2021,205.039993,205.419998,195.550003,197.320007,197.078064,34563500
10/3/2021,207.5,,,,,
10/2/2021,207.5,,,,,
10/1/2021,207.5,208.589996,202.029999,207.419998,207.165665,24097800
9/30/2021,207.679993,210.660004,206.880005,207.160004,206.906006,22100900
9/29/2021,209.399994,210.169998,204.669998,205.169998,204.918411,21839400
9/28/2021,212.139999,214.190002,206.509995,206.990005,206.736221,34306900
9/27/2021,217.100006,217.990005,213.25,216.600006,216.334412,24521500
9/26/2021,220.699997,,,,,
9/25/2021,220.699997,,,,,
9/24/2021,220.699997,221.490005,218.610001,220.809998,220.53923,21765500
9/23/2021,221.399994,225.350006,218.899994,224.820007,224.544357,24855500
9/22/2021,213.660004,219.600006,211.960007,219.410004,219.140976,26872600
9/21/2021,214.169998,214.25,209.5,212.460007,212.199493,20468800
9/20/2021,211.460007,214.330002,206.619995,211.130005,210.871109,34944000
9/19/2021,223,,,,,
9/18/2021,223,,,,,
9/17/2021,223,223.210007,218.300003,219,218.731476,29450300
9/16/2021,221.830002,222.770004,219.270004,222.419998,222.147278,15603300
9/15/2021,223.089996,223.669998,219.660004,223.410004,223.136078,16653800
9/14/2021,222.75,224.100006,220.860001,222.419998,222.147278,19975500
9/13/2021,226.839996,229.639999,218.580002,221.520004,221.248383,29750000
9/12/2021,223.479996,,,,,
9/11/2021,223.479996,,,,,
9/10/2021,223.479996,226.259995,222.699997,224.779999,224.504379,24837600
9/9/2021,223.119995,225.380005,221.309998,221.770004,221.498077,19685600
9/8/2021,225.130005,226.100006,219.770004,223.389999,223.116104,25443400
9/7/2021,228.330002,228.990005,225.220001,226.619995,226.342117,19810700
9/6/2021,223.25,,,,,
9/5/2021,223.25,,,,,
9/4/2021,223.25,,,,,
9/3/2021,223.25,229.860001,222,228.429993,228.149902,28053200
9/2/2021,225.179993,225.929993,222.949997,223.960007,223.685379,18783400
9/1/2021,224.850006,226.970001,223.570007,224.410004,224.134842,20176700
8/31/2021,226.949997,226.949997,221.199997,223.850006,223.575516,25985000
8/30/2021,228.300003,230.429993,225.509995,226.880005,226.561859,26258000
8/29/2021,221.839996,,,,,
8/28/2021,221.839996,,,,,
8/27/2021,221.839996,227.220001,221.669998,226.360001,226.042587,30472200
8/26/2021,222,223.399994,217.899994,220.679993,220.370529,23794000
8/25/2021,217.369995,224.699997,217.220001,222.130005,221.818527,34770100
8/24/2021,217.529999,219.589996,215.350006,217.929993,217.62439,29729900
8/23/2021,209.710007,219.970001,209.5,219.580002,219.272095,57580700
8/22/2021,199.910004,,,,,
8/21/2021,199.910004,,,,,
8/20/2021,199.910004,208.649994,199.330002,208.160004,207.868103,67574100
8/19/2021,194.940002,204.949997,187.619995,197.979996,197.702393,76655500
8/18/2021,195,196.339996,190,190.399994,190.133026,28591300
8/17/2021,196.850006,197.699997,192.669998,194.580002,194.307159,20458500
8/16/2021,201.350006,202.869995,194.529999,199.5,199.220245,21087600
8/15/2021,199.050003,,,,,
8/14/2021,199.050003,,,,,
8/13/2021,199.050003,202.139999,198.509995,201.880005,201.596939,18306300
8/12/2021,198.699997,200.289993,196.199997,199.050003,198.770874,15165200
8/11/2021,200.429993,200.490005,194.300003,196.990005,196.71376,18592500
8/10/2021,203.220001,204.300003,198.350006,199.360001,199.08046,17923800
8/9/2021,204.460007,205.080002,201.429993,202.949997,202.665405,14644300
8/8/2021,205.240005,,,,,
8/7/2021,205.240005,,,,,
8/6/2021,205.240005,205.699997,202.100006,203.660004,203.374405,17849700
8/5/2021,205,207.330002,203.419998,206.369995,206.080612,21143500
8/4/2021,199.899994,203.179993,198.279999,202.740005,202.455719,23130900
8/3/2021,197.399994,202.220001,192.199997,198.149994,197.872131,30181100
8/2/2021,197,199.610001,193.610001,197.5,197.223053,21744400
8/1/2021,194.179993,,,,,
7/31/2021,194.179993,,,,,
7/30/2021,194.179993,196.300003,192.630005,194.990005,194.716583,18349700
7/29/2021,195.190002,198.529999,193.279999,196.619995,196.344269,19078100
7/28/2021,193.190002,196.460007,189.949997,195.029999,194.756531,20219100
7/27/2021,192.649994,196.220001,187.410004,192.080002,191.810654,24886300
7/26/2021,193.110001,194.419998,189.139999,192.940002,192.669434,20394300
7/25/2021,196.559998,,,,,
7/24/2021,196.559998,,,,,
7/23/2021,196.559998,197,192.5,195.580002,195.305756,19567200
7/22/2021,196.419998,198.869995,192.759995,195.940002,195.665253,32382600
7/21/2021,188.820007,195.270004,187.419998,194.100006,193.82782,37101700
7/20/2021,187.300003,188.380005,181.639999,186.119995,185.858978,43468700
7/19/2021,179.152496,190.419998,178.654999,187.797501,187.53418,74906000
7/18/2021,190.304993,,,,,
7/17/2021,190.304993,,,,,
7/16/2021,190.304993,191.570007,180.729996,181.610001,181.355331,68822400
7/15/2021,198.117493,198.470001,188.585007,189.662506,189.396576,55056400
7/14/2021,203.577499,204.177505,197.527496,198.414993,198.136765,38010000
7/13/2021,204.005005,204.612503,201.139999,202.5,202.216049,29070800
7/12/2021,202.399994,205.327499,201.877502,205.125,204.837372,32198400
7/11/2021,199.625,,,,,
7/10/2021,199.625,,,,,
7/9/2021,199.625,200.802505,197.542496,200.502502,200.221344,29662400
7/8/2021,198.565002,201.330002,197.007507,199.027496,198.748383,50330000
7/7/2021,208.535004,208.75,203.320007,203.717499,203.431824,41842800
7/6/2021,207.375,208.419998,203.502502,206.985001,206.694778,44670800
7/5/2021,204.402496,,,,,
7/4/2021,204.402496,,,,,
7/3/2021,204.402496,,,,,
7/2/2021,204.402496,205.052505,202.877502,204.869995,204.582718,34276400
7/1/2021,201.25,204.559998,200.190002,202.119995,201.836563,48013600
6/30/2021,199.992493,201.625,198.637497,200.024994,199.744492,32656800
6/29/2021,198.824997,200.987503,196.570007,200.267502,199.986679,36763200
6/28/2021,193.612503,200.787506,193.190002,199.850006,199.569763,49543600
6/27/2021,192.804993,,,,,
6/26/2021,192.804993,,,,,
6/25/2021,192.804993,193.455002,188.945007,190.309998,190.043137,27836400
6/24/2021,192.277496,194.199997,190.882507,192.054993,191.785675,32092400
6/23/2021,190.077499,191.527496,189.077499,190.572495,190.305267,33235600
6/22/2021,184.714996,189.637497,183.860001,188.867493,188.602661,58014400
6/21/2021,184.352493,185.365005,178.227493,184.272507,184.014114,67238400
6/20/2021,187.839996,,,,,
6/19/2021,187.839996,,,,,
6/18/2021,187.839996,193.75,185.839996,186.387497,186.126114,96885600
6/17/2021,177.744995,188.350006,177.5625,186.572495,186.310867,80965600
6/16/2021,177.907501,179.547501,175.845001,178.102493,177.852737,30712400
6/15/2021,179.149994,180.162506,177.279999,177.884995,177.635559,24303200
6/14/2021,179.059998,180.395004,176.627502,180.1875,179.934845,32137600
6/13/2021,174.794998,,,,,
6/12/2021,174.794998,,,,,
6/11/2021,174.794998,179.392502,174.4375,178.252502,178.002533,41630800
6/10/2021,173.5,174.919998,171.759995,174.25,174.00563,28777200
6/9/2021,175.157501,175.75,172.557495,173.582504,173.339096,38165600
6/8/2021,175.272507,176.214996,172.509995,174.570007,174.285278,32384800
6/7/2021,175.712494,178.125,171.927505,176.190002,175.902634,57575600
6/6/2021,171.125,,,,,
6/5/2021,171.125,,,,,
6/4/2021,171.125,176.610001,170.955002,175.782501,175.495789,61712000
6/3/2021,167.007507,172.589996,165.830002,169.697495,169.420715,58000800
6/2/2021,162.522507,169.1875,162.354996,167.782501,167.50885,59416800
6/1/2021,162.699997,163.882507,159.032501,162.645004,162.379715,47280400
5/31/2021,155.009995,,,,,
5/30/2021,155.009995,,,,,
5/29/2021,155.009995,,,,,
5/28/2021,155.009995,162.774994,155.009995,162.445007,162.180069,64453600
5/27/2021,156.997498,157.5,154.600006,154.880005,154.627411,58147600
5/26/2021,157.342499,157.9375,155.862503,157,156.743912,37044000
5/25/2021,157.660004,158.184998,154.824997,156.477493,156.22229,43540800
5/24/2021,152.125,157.449997,151.759995,156.119995,155.865356,55481600
5/23/2021,151.637497,,,,,
5/22/2021,151.637497,,,,,
5/21/2021,151.637497,152.220001,148.695007,149.917496,149.672958,67299200
5/20/2021,143.024994,146.837494,142.705002,146.125,145.886688,32159200
5/19/2021,135.664993,140.794998,135.432495,140.657501,140.428101,34400000
5/18/2021,142.669998,144.042496,140.039993,140.157501,139.928894,18625600
5/17/2021,141.570007,141.692505,138.535004,141.654999,141.42395,21698000
5/16/2021,138.899994,,,,,
5/15/2021,138.899994,,,,,
5/14/2021,138.899994,143.279999,137.485001,142.429993,142.197662,25861600
5/13/2021,140.337494,140.807495,134.589996,136.652496,136.429596,28540400
5/12/2021,140.095001,142.602493,137.092499,137.585007,137.360596,30340800
5/11/2021,138.25,143.547501,137.5,143.0625,142.829147,28558400
5/10/2021,147.872498,148.059998,142.5,142.657501,142.424835,26890400
5/9/2021,148.082504,,,,,
5/8/2021,148.082504,,,,,
5/7/2021,148.082504,149.707504,146.717499,148.122498,147.88089,22932800
5/6/2021,144.952499,145.712494,142.179993,145.229996,144.993118,19338000
5/5/2021,147.089996,148.134995,143.875,144.585007,144.349167,29202400
5/4/2021,146.372498,146.375,140.102493,143.512497,143.278427,40532400
5/3/2021,151.25,152.467499,147.875,148.367493,148.125504,20391200
5/2/2021,151.744995,,,,,
5/1/2021,151.744995,,,,,
4/30/2021,151.744995,153.649994,149.970001,150.095001,149.850189,20191200
4/29/2021,154,154.365005,150.714996,153.247498,152.997528,17319600
4/28/2021,153.645004,155.322495,152.154999,152.767502,152.518326,20941600
4/27/2021,155.785004,156.705002,153.544998,153.817505,153.566605,16457200
4/26/2021,151.850006,154.789993,151.25,154.779999,154.527542,19779600
4/25/2021,149.342499,,,,,
4/24/2021,149.342499,,,,,
4/23/2021,149.342499,153.350006,149.002502,152.652496,152.403503,22750000
4/22/2021,153.75,154.384995,147.835007,148.502502,148.2603,27778800
4/21/2021,151.1875,153.625,151.022507,153.604996,153.354446,21677600
4/20/2021,153.232498,154.970001,149.630005,151.712494,151.465042,33413200
4/19/2021,155.365005,158.074997,152.330002,153.617493,153.366928,40442000
4/18/2021,160.529999,,,,,
4/17/2021,160.529999,,,,,
4/16/2021,160.529999,161.657501,158.652496,159.125,158.865463,33520800
4/15/2021,156.625,162.142502,156.315002,161.372498,161.109283,59848000
4/14/2021,156.25,157.205002,152.274994,152.770004,152.520828,38550000
4/13/2021,152.315002,157,151.257507,156.794998,156.539246,67621200
4/12/2021,142.897507,153.524994,141.392502,152.089996,151.841934,86932400
4/11/2021,142.139999,,,,,
4/10/2021,142.139999,,,,,
4/9/2021,142.139999,144.080002,141.75,144,143.765121,19517200
4/8/2021,142.527496,144.714996,142.490005,143.169998,142.936493,24441600
4/7/2021,138.807495,142.434998,137.115005,141.434998,141.2043,25128400
4/6/2021,139.997498,140.542496,137.735001,138.615005,138.388916,19174400
4/5/2021,138.675003,140.139999,137.330002,139.875,139.646866,25567200
4/4/2021,135.722504,,,,,
4/3/2021,135.722504,,,,,
4/2/2021,135.722504,,,,,
4/1/2021,135.722504,138.699997,135.112503,138.117493,137.892227,30827600
3/31/2021,130.154999,134.705002,129.824997,133.482498,133.264786,31477600
3/30/2021,128.419998,129.752502,127.050003,128.717499,128.507538,20020400
3/29/2021,128.202499,130.625,127,129.482498,129.271301,27352000
3/28/2021,125.544998,,,,,
3/27/2021,125.544998,,,,,
3/26/2021,125.544998,128.5625,123.735001,128.392502,128.18309,36396800
3/25/2021,124.995003,127.147499,122.720001,125.352501,125.148048,29514400
3/24/2021,131.512497,131.592499,126.3675,126.43,126.223793,24584000
3/23/2021,132.542496,133.445007,130.212494,130.707504,130.494293,22204800
3/22/2021,129.127502,133.945007,129.067505,131.862503,131.647415,29780400
3/21/2021,127.5,,,,,
3/20/2021,127.5,,,,,
3/19/2021,127.5,129.214996,126.125,128.457504,128.247986,29920800
3/18/2021,131.365005,131.839996,127.169998,127.224998,127.017479,29389600
3/17/2021,130.397507,134.532501,129.895004,133.412506,133.194901,24386400
3/16/2021,133.565002,135.125,131.167496,132.912506,132.695724,27212800
3/15/2021,128.647507,132.067505,127.672501,131.912506,131.697357,22198800
3/14/2021,126.482498,,,,,
3/13/2021,126.482498,,,,,
3/12/2021,126.482498,128.887497,125.900002,128.559998,128.350296,24396400
3/11/2021,129.5,130.462494,127.345001,129.934998,129.723068,29991600
3/10/2021,128.404999,129.800003,124.574997,124.682503,124.479149,38437600
3/9/2021,121.302498,126.167503,120.592499,125.202499,124.998276,52182400
3/8/2021,124.5,124.712502,115.665001,115.932503,115.703468,54311200
3/7/2021,125.5,,,,,
3/6/2021,125.5,,,,,
3/5/2021,125.5,125.5,116.792503,124.614998,124.368805,54284000
3/4/2021,128.007507,129.75,120.837502,123.702499,123.45813,57334400
3/3/2021,134.262497,134.514999,127.987503,128.047501,127.794525,37759200
3/2/2021,139,139.205002,133.960007,134.0625,133.797653,26411600
3/1/2021,138.75,139.25,135.532501,138.417496,138.144043,35318400
2/28/2021,137.524994,,,,,
2/27/2021,137.524994,,,,,
2/26/2021,137.524994,138.544998,133.610001,137.145004,136.874039,50093200
2/25/2021,140.455002,143.747498,132.162506,133.074997,132.812119,82443600
2/24/2021,141.227493,145.067505,137.559998,144.990005,144.703568,44832000
2/23/2021,140.752502,142.387497,133.895004,141.419998,141.14061,39178000
2/22/2021,147.747498,151.332504,143.25,143.557495,143.273895,32588400
2/21/2021,150.244995,,,,,
2/20/2021,150.244995,,,,,
2/19/2021,150.244995,151.770004,148.467499,149.264999,148.970123,27172400
2/18/2021,147.289993,148.732498,145.75,148.289993,147.99704,23386800
2/17/2021,151.710007,152.235001,147.800003,149.059998,148.765518,27475600
2/16/2021,150.642502,153.725006,149.5,153.302505,152.999649,32196000
2/15/2021,150.5,,,,,
2/14/2021,150.5,,,,,
2/13/2021,150.5,,,,,
2/12/2021,150.5,152.912506,147.75,149.612503,149.316925,37475600
2/11/2021,149.802505,152.722504,149.25,152.507507,152.206223,45082800
2/10/2021,144.632507,149.050003,143.414993,147.642502,147.35083,48535200
2/9/2021,143.407501,145.832504,142.225006,142.632507,142.350708,28756000
2/8/2021,137.272507,144.737503,137.272507,144.387497,144.102264,43462400
2/7/2021,137.25,,,,,
2/6/2021,137.25,,,,,
2/5/2021,137.25,137.372498,135.457504,135.910004,135.641479,16915200
2/4/2021,135.309998,136.735001,133.377502,136.642502,136.372559,20134000
2/3/2021,136.360001,139.317505,135.164993,135.304993,135.037704,24540800
2/2/2021,133.987503,135.720001,132.854996,135.567505,135.299683,22044000
2/1/2021,130.532501,132.707504,129.027496,132.369995,132.10849,21720400
1/31/2021,130.75,,,,,
1/30/2021,130.75,,,,,
1/29/2021,130.75,133.347504,129.115005,129.897507,129.640869,27155200
1/28/2021,129.962494,133.397507,129.604996,130.509995,130.252136,22831600
1/27/2021,132.300003,132.327499,127.9375,129.177505,128.922302,37127200
1/26/2021,135.804993,136.447495,133.875,134.352493,134.087067,16398000
1/25/2021,137.817505,138.285004,132.365005,136.532501,136.262756,25111200
1/24/2021,137.399994,,,,,
1/23/2021,137.399994,,,,,
1/22/2021,137.399994,138.417496,136.272507,137.125,136.854126,24682000
1/21/2021,134.184998,139.992493,132.529999,138.675003,138.401031,33778000
1/20/2021,131.117493,134.304993,130.567505,133.657501,133.393448,25857200
1/19/2021,130.162506,130.940002,128.440002,130.252502,129.995178,22618800
1/18/2021,132.279999,,,,,
1/17/2021,132.279999,,,,,
1/16/2021,132.279999,,,,,
1/15/2021,132.279999,133.252502,128.485001,128.595001,128.340973,27778000
1/14/2021,135.75,135.997498,131.804993,132.002502,131.74173,28312000
1/13/2021,134.899994,136.25,133.850006,135.317505,135.050201,21002800
1/12/2021,137.524994,137.544998,133.449997,134.847504,134.5811,29147600
1/11/2021,134.1875,139.610001,133.625,136.214996,135.945892,51834400
1/10/2021,133.625,,,,,
1/9/2021,133.625,,,,,
1/8/2021,133.625,134.210007,130.419998,132.767502,132.505203,29252800
1/7/2021,129.675003,133.777496,128.865005,133.440002,133.176392,46148000
1/6/2021,132.225006,132.449997,125.860001,126.144997,125.895782,58042400
1/5/2021,130.997498,134.434998,130.869995,134.047501,133.782684,32276000
1/4/2021,131.042496,136.524994,129.625,131.134995,130.8759,56064000
1/3/2021,131.365005,,,,,
1/2/2021,131.365005,,,,,
1/1/2021,131.365005,,,,,
12/31/2020,131.365005,131.509995,129.149994,130.550003,130.292099,19242400
12/30/2020,129.902496,132.137497,128.967499,131.457504,131.197815,22539600
12/29/2020,129.25,130.725006,128.422501,129.432495,129.176788,17037200
12/28/2020,130.625,130.625,127.6325,129,128.745163,21256400
12/27/2020,130.372498,,,,,
12/26/2020,130.372498,,,,,
12/25/2020,130.372498,,,,,
12/24/2020,130.372498,131.324997,129.387497,129.9375,129.680817,9788400
12/23/2020,132.559998,132.75,130.050003,130.092499,129.83551,17914400
12/22/2020,133.192505,133.372498,130.539993,132.782501,132.520187,18558000
12/21/2020,130.747498,133.699997,129.675003,133.322495,133.059128,30233200
12/20/2020,133.789993,,,,,
12/19/2020,133.789993,,,,,
12/18/2020,133.789993,134.050003,130.705002,132.720001,132.457825,34206400
12/17/2020,133.667496,133.794998,131.785004,133.412506,133.148941,23138400
12/16/2020,134.225006,134.372498,132.125,132.425003,132.163391,22311600
12/15/2020,134.397507,134.639999,131.867493,133.604996,133.341049,19301600
12/14/2020,130.880005,133.887497,130.774994,133.087494,132.8246,27015600
12/13/2020,129.672501,,,,,
12/12/2020,129.672501,,,,,
12/11/2020,129.672501,130.199997,128.229996,130.132507,129.875412,20926400
12/10/2020,128.690002,130.6875,128.494995,129.722504,129.466232,20776400
12/9/2020,133.005005,134.139999,128.682495,129.307495,129.052063,40130000
12/8/2020,135.850006,135.987503,132.815002,133.5,133.236267,27192000
12/7/2020,136.012497,137.3125,135,136.067505,135.798676,22324400
12/6/2020,134.485001,,,,,
12/5/2020,134.485001,,,,,
12/4/2020,134.485001,135.600006,133.887497,135.582504,135.314682,20224400
12/3/2020,135.875,136.600006,133.289993,133.960007,133.695343,19952000
12/2/2020,133.505005,136.735001,132.342499,135.445007,135.137497,28336000
12/1/2020,134.922501,135.287506,132.282501,133.899994,133.596008,29694800
11/30/2020,132.649994,134.125,129.722504,134.014999,133.710724,28695200
11/29/2020,133.75,,,,,
11/28/2020,133.75,,,,,
11/27/2020,133.75,134.074997,131.705002,132.612503,132.311432,16727600
11/26/2020,130.324997,,,,,
11/25/2020,130.324997,132.695007,130.199997,132.347504,132.047058,25991600
11/24/2020,131.425003,131.619995,128.850006,129.577499,129.28331,34650000
11/23/2020,131.712494,133.824997,130.154999,131.399994,131.101654,36135600
11/22/2020,134.539993,,,,,
11/21/2020,134.539993,,,,,
11/20/2020,134.539993,134.945007,130.649994,130.877502,130.580353,34108800
11/19/2020,132.127502,134.875,131,134.402496,134.097366,56593600
11/18/2020,134.652496,136.057495,131.850006,134.287506,133.982635,51092400
11/17/2020,135.524994,135.962494,133.037506,134.222504,133.917786,31202800
11/16/2020,131.725006,136.494995,131.559998,135.152496,134.845657,41377600
11/15/2020,136.272507,,,,,
11/14/2020,136.272507,,,,,
11/13/2020,136.272507,136.6875,130.592499,132.970001,132.668137,34631200
11/12/2020,134.789993,137.660004,133.160004,134.567505,134.262009,36581200
11/11/2020,130.537506,134.350006,129.482498,134.179993,133.87532,40474400
11/10/2020,136.065002,136.065002,126.282501,127.699997,127.410072,64406800
11/9/2020,145.524994,146.914993,136.107498,136.307495,135.998047,58297600
11/8/2020,141.097504,,,,,
11/7/2020,141.097504,,,,,
11/6/2020,141.097504,145.887497,138.949997,145.619995,145.289398,38334800
11/5/2020,141.625,143.389999,139.910004,141.600006,141.278564,31902800
11/4/2020,133.892502,138.274994,133.369995,137.942505,137.629318,41022800
11/3/2020,127.084999,131.050003,126.027496,130.195007,129.899414,27290000
11/2/2020,126.577499,128.367493,123.949997,125.807503,125.521881,29965200
11/1/2020,128.5,,,,,
10/31/2020,128.5,,,,,
10/30/2020,128.5,129.365005,123,125.339996,125.055443,41682000
10/29/2020,128.384995,131.927505,127.5,130.240005,129.94429,32008000
10/28/2020,131.979996,132.600006,126.089996,126.269997,125.983322,37652000
10/27/2020,133.059998,134.419998,131.914993,133.967499,133.663361,25052000
10/26/2020,134.270004,136.927505,130.384995,131.412506,131.114166,33689600
10/25/2020,134.5,,,,,
10/24/2020,134.5,,,,,
10/23/2020,134.5,135.932495,132.912506,135.902496,135.593964,23348400
10/22/2020,135.225006,136.117493,132.317505,133.610001,133.306671,29048000
10/21/2020,136.25,137.914993,134.774994,135.247498,134.940445,21959600
10/20/2020,135.835007,137.997498,135.070007,136.455002,136.145203,22921200
10/19/2020,139.029999,139.835007,134.067505,134.977493,134.671051,29806800
10/18/2020,140.367493,,,,,
10/17/2020,140.367493,,,,,
10/16/2020,140.367493,141.214996,137.925003,138.115005,137.801437,24239200
10/15/2020,138.107498,140.057495,137.677505,139.699997,139.382858,26722400
10/14/2020,142.904999,143.427505,139.600006,140.952499,140.632492,27610000
10/13/2020,142.964996,143.485001,140.1875,142.482498,142.159027,34460400
10/12/2020,139.895004,143.470001,139.125,142.259995,141.937012,43474400
10/11/2020,137.669998,,,,,
10/10/2020,137.669998,,,,,
10/9/2020,137.669998,138.242493,136.607498,137.627502,137.315063,34689200
10/8/2020,140.75,140.845001,137.580002,138.387497,138.073303,37890000
10/7/2020,139.997498,141.192505,138.634995,139.639999,139.322998,41808400
10/6/2020,138.300003,141.419998,136.649994,137.365005,137.053146,78442000
10/5/2020,132.360001,136.442505,132.227493,136.425003,136.115265,47982000
10/4/2020,132.25,,,,,
10/3/2020,132.25,,,,,
10/2/2020,132.25,135.195007,130.509995,130.622498,130.325958,55249600
10/1/2020,137.580002,137.627502,134.607498,136.145004,135.835922,52500400
9/30/2020,131.574997,136.225006,131.502502,135.304993,134.997803,68918400
9/29/2020,129.375,134.427505,129.332504,132.257507,131.957245,62146000
9/28/2020,130.402496,130.517502,127.5,130.350006,130.054077,57380800
9/27/2020,124.474998,,,,,
9/26/2020,124.474998,,,,,
9/25/2020,124.474998,128.835007,122.457497,128.737503,128.445236,58801600
9/24/2020,120.722504,125.695,120.139999,123.480003,123.199669,73124000
9/23/2020,125.754997,127.269997,120.792503,121.237503,120.962257,64701200
9/22/2020,125.75,126.480003,121.555,126.377502,126.090591,64645200
9/21/2020,119.25,125.224998,119.044998,125.172501,124.888329,72104400
9/20/2020,125.9375,,,,,
9/19/2020,125.9375,,,,,
9/18/2020,125.9375,126.324997,119.887497,121.892502,121.615761,69846000
9/17/2020,121.322502,125.897499,120.347504,124.635002,124.352043,79251200
9/16/2020,129.572495,130.927505,125.137497,125.144997,124.860886,55638400
9/15/2020,132.800003,132.987503,128.277496,129.910004,129.615082,72755600
9/14/2020,130.809998,133.149994,126.3125,128.722504,128.430267,120174400
9/13/2020,124.855003,,,,,
9/12/2020,124.855003,,,,,
9/11/2020,124.855003,126.525002,118.957497,121.644997,121.368828,63692800
9/10/2020,129.892502,130.652496,121.669998,123.1175,122.837982,69868400
9/9/2020,124,128.092499,122.317497,127.150002,126.861343,73620000
9/8/2020,117.345001,125.5,117.042503,119.129997,118.859535,79572800
9/7/2020,127.837502,,,,,
9/6/2020,127.837502,,,,,
9/5/2020,127.837502,,,,,
9/4/2020,127.837502,131.75,117.047501,126.224998,125.938423,146368400
9/3/2020,138.287506,138.845001,128.787506,130.154999,129.859497,94512800
9/2/2020,147.037506,147.267502,139,143.464996,143.139282,87401200
9/1/2020,134.800003,139.9375,134.365005,138.210007,137.89624,51131600
8/31/2020,131.827499,135.75,130.377502,133.744995,133.401428,50084000
8/30/2020,126.75,,,,,
8/29/2020,126.75,,,,,
8/28/2020,126.75,131.479996,126.425003,131.477493,131.139755,53716000
8/27/2020,127.815002,128.5,125.665001,126.282501,125.958122,31760400
8/26/2020,127.9925,128.684998,126.777496,127.730003,127.401886,32124400
8/25/2020,126.307503,127.612503,125.737503,127.5,127.172493,28907600
8/24/2020,128.837494,129.125,125.074997,127.202499,126.875755,49056400
8/23/2020,122.017502,,,,,
8/22/2020,122.017502,,,,,
8/21/2020,122.017502,128.087494,121.952499,126.834999,126.509201,99986800
8/20/2020,119.75,123.75,118.787498,121.410004,121.098137,92138800
8/19/2020,122.964996,123.150002,120.980003,121.385002,121.073181,62262400
8/18/2020,124.5,124.959999,120.862503,122.607498,122.292564,50344800
8/17/2020,118.512497,124.097504,118.172501,123.370003,123.053101,62130000
8/16/2020,115.300003,,,,,
8/15/2020,115.300003,,,,,
8/14/2020,115.300003,117.047501,114.404999,115.639999,115.342941,36643600
8/13/2020,115.459999,117.217499,113.557503,114.43,114.13607,37446000
8/12/2020,109.907501,114.669998,109.582497,114.402496,114.108627,46441200
8/11/2020,110.737503,111.3675,107.957497,108.5,108.221298,35451200
8/10/2020,113.342499,114.082497,108.565002,111.650002,111.363213,42779600
8/9/2020,113.125,,,,,
8/8/2020,113.125,,,,,
8/7/2020,113.125,115.047501,110.375,111.995003,111.707314,34251600
8/6/2020,113.497498,113.580002,111.787498,113.355003,113.063828,24431600
8/5/2020,112.440002,113.717499,111.662498,112.8675,112.577576,24992400
8/4/2020,110.5,112.277496,109.059998,112.277496,111.989082,31033600
8/3/2020,107.324997,110.987503,107.152496,110.102501,109.819679,41272000
8/2/2020,105.6325,,,,,
8/1/2020,105.6325,,,,,
7/31/2020,105.6325,107.665001,104.330002,106.147499,105.874825,38608000
7/30/2020,103.75,106.230003,102.952499,106.139999,105.867355,30888000
7/29/2020,103.907501,105.162498,103.470001,104.654999,104.386169,28450800
7/28/2020,103.7425,103.82,102.092499,102.154999,101.892593,27163600
7/27/2020,102.322502,104.417503,102.177498,104.214996,103.947304,29213200
7/26/2020,98.75,,,,,
7/25/2020,98.75,,,,,
7/24/2020,98.75,103.647499,97.769997,101.945,101.683136,47329200
7/23/2020,104.5,105.470001,100.3125,101.297501,101.0373,41166000
7/22/2020,103.675003,106.025002,102.915001,104.387497,104.119354,36729200
7/21/2020,105.129997,105.599998,102.8675,103.285004,103.019699,27703600
7/20/2020,102.7425,105.3125,101.567497,105.107498,104.837502,28485200
7/19/2020,102.254997,,,,,
7/18/2020,102.254997,,,,,
7/17/2020,102.254997,102.485001,100.877502,102.014999,101.752945,26628400
7/16/2020,100.150002,102.067497,98.955002,101.347504,101.087173,34496400
7/15/2020,104.142502,104.330002,100.557503,102.272499,102.009804,40398400
7/14/2020,100.75,104.027496,97.855003,103.769997,103.503441,54267600
7/13/2020,105.949997,107.922501,100.25,100.522499,100.26429,45707600
7/12/2020,105.887497,,,,,
7/11/2020,105.887497,,,,,
7/10/2020,105.887497,106.552498,103.787498,104.792503,104.523315,49767600
7/9/2020,103.802498,105.699997,102.334999,105.089996,104.820053,49454800
7/8/2020,99.9375,102.25,99.654999,102.160004,101.897598,36548000
7/7/2020,99.462502,100.699997,98.5075,98.717499,98.463921,35780000
7/6/2020,97.417503,99.087502,97.125,98.392502,98.139763,31589200
7/5/2020,96.389999,,,,,
7/4/2020,96.389999,,,,,
7/3/2020,96.389999,,,,,
7/2/2020,96.389999,97.375,95.782501,96.122498,95.875587,36405600
7/1/2020,95.207497,95.7575,94.129997,95.300003,95.055206,32664800
6/30/2020,93.139999,95.262497,92.665001,94.977501,94.733521,36789200
6/29/2020,91.697502,92.044998,89,92,91.76368,34224800
6/28/2020,95,,,,,
6/27/2020,95,,,,,
6/26/2020,95,95,91.25,91.550003,91.31485,59208400
6/25/2020,93.557503,95.050003,91.822502,94.900002,94.656227,37607200
6/24/2020,94.762497,95.565002,91.445,92.355003,92.117767,44937200
6/23/2020,95.510002,96.425003,94.074997,94.5,94.257256,37510800
6/22/2020,93,95.3125,92.732498,95.267502,95.022781,39846800
6/21/2020,92.425003,,,,,
6/20/2020,92.425003,,,,,
6/19/2020,92.425003,94.449997,92.272499,92.612503,92.374603,52416000
6/18/2020,92.269997,92.824997,91.144997,92.18,91.943222,25440800
6/17/2020,91.137497,92.989998,90.702499,92.360001,92.122757,40830400
6/16/2020,92.25,92.667503,88.387497,90.684998,90.452057,53571600
6/15/2020,88.152496,91.822502,87.4375,91.737503,91.501854,40000400
6/14/2020,91.625,,,,,
6/13/2020,91.625,,,,,
6/12/2020,91.625,91.872498,87.032501,89.324997,89.095543,57090800
6/11/2020,91.5,92.612503,87.860001,87.962502,87.736549,58365200
6/10/2020,91.677498,95,91.535004,93.667503,93.426903,63218000
6/9/2020,88,91.097504,87.512497,90.459999,90.227638,46848800
6/8/2020,88.772499,88.897499,86.857498,88.050003,87.82383,38773600
6/7/2020,87.945,,,,,
6/6/2020,87.945,,,,,
6/5/2020,87.945,89.970001,87.080002,89.199997,88.970871,48174800
6/4/2020,87.279999,89.432503,86.775002,87.665001,87.439804,42428000
6/3/2020,88.222504,88.662498,87,87.695,87.429855,36544000
6/2/2020,87.962502,88.372498,86.580002,88.252502,87.985649,39132000
6/1/2020,88.332497,88.407501,86.894997,88.0625,87.796227,38987600
5/31/2020,85.544998,,,,,
5/30/2020,85.544998,,,,,
5/29/2020,85.544998,88.754997,84.849998,88.754997,88.486641,74525600
5/28/2020,84.122498,87.605003,83.792503,84.870003,84.61338,73489600
5/27/2020,86.25,86.327499,79.967499,85.252502,84.994728,117589200
5/26/2020,91.567497,91.817497,86.720001,87.177498,86.913902,77078000
5/25/2020,88.252502,,,,,
5/24/2020,88.252502,,,,,
5/23/2020,88.252502,,,,,
5/22/2020,88.252502,90.93,87.1325,90.262497,89.989563,103876400
5/21/2020,90.514999,90.525002,87.375,87.752502,87.48716,76106800
5/20/2020,89.910004,90.43,88.887497,89.699997,89.428772,58753600
5/19/2020,87.902496,90.875,87.627502,88.055,87.78875,71732000
5/18/2020,87.605003,89.165001,86.805,87.502502,87.237923,77446000
5/17/2020,78.897499,,,,,
5/16/2020,78.897499,,,,,
5/15/2020,78.897499,85.004997,78.739998,84.907501,84.650772,98766000
5/14/2020,78.417503,80.360001,76.875,80.305,80.06218,60231200
5/13/2020,79.175003,80.785004,75.947502,77.800003,77.564758,62585200
5/12/2020,81.235001,81.724998,77.927498,78.025002,77.789063,49306000
5/11/2020,78.074997,81.125,77.787498,80.654999,80.411125,46906000
5/10/2020,76.9375,,,,,
5/9/2020,76.9375,,,,,
5/8/2020,76.9375,78.1875,76.597504,78.125,77.888771,33921600
5/7/2020,75.845001,76.852501,75.330002,76.217499,75.987045,37373200
5/6/2020,74.232498,75.5,73.852501,74.447502,74.222397,32346400
5/5/2020,73.8675,75.067497,72.822502,73.434998,73.212944,36889600
5/4/2020,70.220001,72.959999,70.220001,72.822502,72.602303,31755600
5/3/2020,71.087502,,,,,
5/2/2020,71.087502,,,,,
5/1/2020,71.087502,72.224998,70.209999,70.695,70.481239,34209600
4/30/2020,74.072502,74.614998,72.93,73.07,72.84906,37591600
4/29/2020,74.192497,75.144997,73.4375,74.614998,74.389374,37916000
4/28/2020,75.75,76.050003,72.785004,72.839996,72.619751,44290400
4/27/2020,73.747498,75.875,73.5,74.269997,74.045425,47938800
4/26/2020,70.900002,,,,,
4/25/2020,70.900002,,,,,
4/24/2020,70.900002,72.417503,70.150002,72.397499,72.178589,35232800
4/23/2020,71.959999,73.285004,70.75,71.002502,70.787804,42416000
4/22/2020,69.307503,71.967499,68.849998,71.537498,71.321182,48335600
4/21/2020,70.577499,71.192497,66.777496,67.377502,67.173767,73516000
4/20/2020,71.809998,73.375,71.317497,71.762497,71.545509,44938800
4/19/2020,74.5,,,,,
4/18/2020,74.5,,,,,
4/17/2020,74.5,74.714996,71.735001,73.080002,72.859032,53912000
4/16/2020,71.769997,74.75,71.637497,73.675003,73.45224,74562000
4/15/2020,69.300003,71.042503,68.845001,70.209999,69.997711,36614800
4/14/2020,68.75,71.330002,68.472504,70.987503,70.772858,53094800
4/13/2020,65.137497,67.550003,64.25,67.462502,67.258522,39840800
4/12/2020,68,,,,,
4/11/2020,68,,,,,
4/10/2020,68,,,,,
4/9/2020,68,68.230003,65.105003,65.737503,65.538727,52556400
4/8/2020,65.852501,66.987503,65.150002,66.737503,66.535706,54244400
4/7/2020,69.324997,69.5625,64.324997,64.7575,64.561691,78452000
4/6/2020,63.810001,67.470001,63.232498,67.099998,66.89711,72788400
4/5/2020,63.490002,,,,,
4/4/2020,63.490002,,,,,
4/3/2020,63.490002,63.907501,59.5975,60.977501,60.793121,66321200
4/2/2020,61.060001,64,60.577499,63.8675,63.674381,67576400
4/1/2020,63.912498,65.3825,60.32,60.767502,60.583763,65691200
3/31/2020,66.800003,68.849998,64.4375,65.900002,65.700737,94996000
3/30/2020,63.84,66.489998,63.397499,66.397499,66.196754,60225200
3/29/2020,62.5,,,,,
3/28/2020,62.5,,,,,
3/27/2020,62.5,65.779999,62.169998,63.182499,62.991451,63882800
3/26/2020,63.485001,65.555,62.5,64.309998,64.115555,69610800
3/25/2020,63.450001,65.455002,60.915001,61.404999,61.21933,79343200
3/24/2020,57.25,63.165001,57.012501,62.294998,62.106632,110164400
3/23/2020,51.427502,54.119999,49.630001,53.172501,53.011723,64387600
3/22/2020,54.75,,,,,
3/21/2020,54.75,,,,,
3/20/2020,54.75,57.580002,51.282501,51.4375,51.281971,80463600
3/19/2020,50.490002,54.182499,48.3475,53.2425,53.081512,76551200
3/18/2020,50.025002,52.485001,45.169998,50.705002,50.551685,87426800
3/17/2020,50.227501,55.215,47.75,54.317501,54.153267,83363200
3/16/2020,53.102501,56.525002,48.5,49.099998,48.951534,72697200
3/15/2020,57.625,,,,,
3/14/2020,57.625,,,,,
3/13/2020,57.625,60.255001,54.9025,60.209999,60.027943,63483600
3/12/2020,56.365002,59.029999,53.950001,54.077499,53.913986,81654000
3/11/2020,63.865002,64.150002,60.642502,61.6175,61.43119,49996400
3/10/2020,64.135002,65.269997,61.497501,65.269997,65.072632,58064800
3/9/2020,59.974998,64.849998,59.544998,61.360001,61.174469,61416000
3/8/2020,66.519997,,,,,
3/7/2020,66.519997,,,,,
3/6/2020,66.519997,67.097504,64.5,66.510002,66.308891,51541200
3/5/2020,69.125,70.800003,67.875,68.322502,68.115921,54032800
3/4/2020,67.550003,71.222504,66.800003,71.127502,70.912422,59740800
3/3/2020,69.667503,70.267502,65.614998,66.472504,66.271515,65279200
3/2/2020,69.224998,69.397499,65.25,69.107498,68.898529,89074400
3/1/2020,60.615002,,,,,
2/29/2020,60.615002,,,,,
2/28/2020,60.615002,68.114998,60.447498,67.517502,67.313362,113325200
2/27/2020,63.724998,66.75,62.2225,63.150002,62.959057,90641600
2/26/2020,65.514999,68.862503,65.5,66.912498,66.670296,74773200
2/25/2020,69.074997,69.697502,64.489998,65.512497,65.275375,105549600
2/24/2020,67.547501,70.467499,67,68.32,68.072708,85691600
2/23/2020,76.047501,,,,,
2/22/2020,76.047501,,,,,
2/21/2020,76.047501,76.300003,72.665001,73.517502,73.251404,76818000
2/20/2020,78.192497,79.080002,74.087502,77.175003,76.895653,81005200
2/19/2020,75.372498,78.852501,75.372498,78.675003,78.390228,69433200
2/18/2020,71.410004,74.327499,71.214996,74.142502,73.87413,62016400
2/17/2020,71.815002,,,,,
2/16/2020,71.815002,,,,,
2/15/2020,71.815002,,,,,
2/14/2020,71.815002,73.7425,71.5,72.447502,72.185265,104192400
2/13/2020,67.552498,68.370003,67.277496,67.695,67.449982,52801600
2/12/2020,67.502502,68.199997,67.112503,68.135002,67.888374,37464400
2/11/2020,66.830002,68.125,66.207497,66.972504,66.73011,63855600
2/10/2020,63.125,65.75,63.075001,65.7425,65.504539,52960800
2/9/2020,63.16,,,,,
2/8/2020,63.16,,,,,
2/7/2020,63.16,63.3825,62.642502,62.897499,62.669827,18975200
2/6/2020,63.035,63.5625,62.220001,63.5625,63.332424,21828400
2/5/2020,62.997501,63.099998,61.852501,62.689999,62.463081,20822000
2/4/2020,61.5075,61.974998,61.005001,61.782501,61.558868,27154400
2/3/2020,58.924999,60.2775,58.862499,60.0825,59.865021,25556400
2/2/2020,60.9925,,,,,
2/1/2020,60.9925,,,,,
1/31/2020,60.9925,61.112499,58.6875,59.107498,58.893547,37042000
1/30/2020,60.4025,61.587502,59.849998,61.452499,61.230064,29050400
1/29/2020,61.8475,62.209999,60.985001,61.384998,61.162807,25884800
1/28/2020,60.712502,62.317501,60.177502,61.9925,61.768105,31097600
1/27/2020,59.560001,60.5625,58.057499,60.049999,59.832638,47053600
1/26/2020,64.375,,,,,
1/25/2020,64.375,,,,,
1/24/2020,64.375,64.875,62.075001,62.619999,62.393337,37351200
1/23/2020,62.93,63.299999,62.037498,63.215,62.986179,24451600
1/22/2020,62.439999,63.397499,62.25,62.5275,62.301174,23924000
1/21/2020,61.952499,62.322498,61.642502,61.985001,61.760632,21791600
1/20/2020,62.424999,,,,,
1/19/2020,62.424999,,,,,
1/18/2020,62.424999,,,,,
1/17/2020,62.424999,62.5,61.842499,62.32,62.094425,25379200
1/16/2020,61.93,62.2925,61.695,62.232498,62.007236,28419200
1/15/2020,61.947498,62.172501,61.1325,61.392502,61.170277,26310400
1/14/2020,62.564999,62.82,61.6875,61.82,61.59623,35908800
1/13/2020,61.915001,63.247501,61.6875,62.994999,62.766983,31984000
1/12/2020,61.8325,,,,,
1/11/2020,61.8325,,,,,
1/10/2020,61.8325,62.137501,60.9375,61.080002,60.85891,31629600
1/9/2020,60.962502,61.482498,60.215,60.755001,60.535091,25511200
1/8/2020,59.939999,60.509998,59.537498,60.095001,59.87748,27710800
1/7/2020,59.549999,60.442501,59.0975,59.982498,59.765381,31485600
1/6/2020,58.080002,59.317501,57.817501,59.264999,59.050476,26263600
