datetime,difficulty
2023-05-05 00:00:00,2881064062156800
2023-05-04 00:00:00,2813916662755783
2023-05-03 00:00:00,2869974814512470
2023-05-02 00:00:00,2783038144512000
2023-05-01 00:00:00,2824100984651776
2023-04-30 00:00:00,2976980524509867
2023-04-29 00:00:00,2858917868601344
2023-04-28 00:00:00,2917414070474070
2023-04-27 00:00:00,2805833415000064
2023-04-26 00:00:00,2805087641650973
2023-04-25 00:00:00,2871903374133021
2023-04-24 00:00:00,2896375829350173
2023-04-23 00:00:00,3034407249699726
2023-04-22 00:00:00,3048120185491001
2023-04-21 00:00:00,3011353326736726
2023-04-20 00:00:00,3004696455515705
2023-04-19 00:00:00,2995227931676217
2023-04-18 00:00:00,3044026813222457
2023-04-17 00:00:00,3012099457999758
2023-04-16 00:00:00,2918770683616370
2023-04-15 00:00:00,2938459917269220
2023-04-14 00:00:00,2633968210819300
2023-04-13 00:00:00,2402819483573362
2023-04-12 00:00:00,2485094592923421
2023-04-11 00:00:00,2645698333201750
2023-04-10 00:00:00,2778081871557063
2023-04-09 00:00:00,2786366237121650
2023-04-08 00:00:00,2471163419106418
2023-04-07 00:00:00,2740670618577579
2023-04-06 00:00:00,2516322673783239
2023-04-05 00:00:00,2615261898327837
2023-04-04 00:00:00,2636118170038727
2023-04-03 00:00:00,2677104535899705
2023-04-02 00:00:00,2789116596977664
2023-04-01 00:00:00,2968662425556310
2023-03-31 00:00:00,3225862127805326
2023-03-30 00:00:00,3089391480675442
2023-03-29 00:00:00,3314571724514190
2023-03-28 00:00:00,3302642094935609
2023-03-27 00:00:00,3351316989127339
2023-03-26 00:00:00,3618843641977970
2023-03-25 00:00:00,3316226629100430
2023-03-24 00:00:00,3802602028167623
2023-03-23 00:00:00,3641001408084196
2023-03-22 00:00:00,3579637927801287
2023-03-21 00:00:00,3264234886762041
2023-03-20 00:00:00,3809495301546894
2023-03-19 00:00:00,3617923534713287
2023-03-18 00:00:00,3732261410060516
2023-03-17 00:00:00,3468974516280434
2023-03-16 00:00:00,3360636561114909
2023-03-15 00:00:00,3650823640376206
2023-03-14 00:00:00,3729274588393927
2023-03-13 00:00:00,3659315417069796
2023-03-12 00:00:00,3730679072525881
2023-03-11 00:00:00,3740601311938333
2023-03-10 00:00:00,3810638508501675
2023-03-09 00:00:00,3677451870914333
2023-03-08 00:00:00,3869821070009230
2023-03-07 00:00:00,3466791300890624
2023-03-06 00:00:00,3687297457091015
2023-03-05 00:00:00,3626976818728505
2023-03-04 00:00:00,3591536120605355
2023-03-03 00:00:00,3854476672994873
2023-03-02 00:00:00,3832594858537415
2023-03-01 00:00:00,3434694712025998
2023-02-28 00:00:00,3597323917124494
2023-02-27 00:00:00,3680773968465465
2023-02-26 00:00:00,3495381227915037
2023-02-25 00:00:00,3670827450557326
2023-02-24 00:00:00,3583207970235278
2023-02-23 00:00:00,3476823926927815
2023-02-22 00:00:00,3266880974356480
2023-02-21 00:00:00,3791687621483634
2023-02-20 00:00:00,3664500456685568
2023-02-19 00:00:00,3737945411536669
2023-02-18 00:00:00,3686209965406436
2023-02-17 00:00:00,3547520013230990
2023-02-16 00:00:00,3749635179122233
2023-02-15 00:00:00,3665411884537174
2023-02-14 00:00:00,3948250930930574
2023-02-13 00:00:00,4064055537609387
2023-02-12 00:00:00,4006202208827620
2023-02-11 00:00:00,3975958958003542
2023-02-10 00:00:00,3930350223068729
2023-02-09 00:00:00,3989147699001572
2023-02-08 00:00:00,3743349017265949
2023-02-07 00:00:00,3582675752204516
2023-02-06 00:00:00,3777072026732317
2023-02-05 00:00:00,3932632312184832
2023-02-04 00:00:00,4023494791076978
2023-02-03 00:00:00,3879270654235990
2023-02-02 00:00:00,3981734376665543
2023-02-01 00:00:00,4043959099300250
2023-01-31 00:00:00,3805489005401926
2023-01-30 00:00:00,3946902311199630
2023-01-29 00:00:00,3958729338781696
2023-01-28 00:00:00,3692348040369494
2023-01-27 00:00:00,3853465029239694
2023-01-26 00:00:00,3782702907814343
2023-01-25 00:00:00,3909395077631545
2023-01-24 00:00:00,3844903041761280
2023-01-23 00:00:00,3890571667628942
2023-01-22 00:00:00,3929242270637170
2023-01-21 00:00:00,3978680774222734
2023-01-20 00:00:00,4143353787230891
2023-01-19 00:00:00,3825050748481991
2023-01-18 00:00:00,4275437602486500
2023-01-17 00:00:00,4045686141441366
2023-01-16 00:00:00,4179633853198791
2023-01-15 00:00:00,4220115799011783
2023-01-14 00:00:00,4270302790127161
2023-01-13 00:00:00,3817100793843257
2023-01-12 00:00:00,3752174936449934
2023-01-11 00:00:00,3977847341784178
2023-01-10 00:00:00,3411733608078450
2023-01-09 00:00:00,3600135629395286
2023-01-08 00:00:00,3778702563344384
2023-01-07 00:00:00,3470017328374670
2023-01-06 00:00:00,3681985387852231
2023-01-05 00:00:00,3626026020343353
2023-01-04 00:00:00,3252971394680605
2023-01-03 00:00:00,3623482922485533
2023-01-02 00:00:00,3839215252362582
2023-01-01 00:00:00,3457649045434823
2022-12-31 00:00:00,3799910843416576
2022-12-30 00:00:00,3671096661493533
2022-12-29 00:00:00,3911180173413945
2022-12-28 00:00:00,3805462327255950
2022-12-27 00:00:00,3689739712695865
2022-12-26 00:00:00,3948576095746276
2022-12-25 00:00:00,3583110438686265
2022-12-24 00:00:00,3791295765370198
2022-12-23 00:00:00,3556852291163478
2022-12-22 00:00:00,3749328536352996
2022-12-21 00:00:00,3648676067249721
2022-12-20 00:00:00,3656694055363470
2022-12-19 00:00:00,3647252673331200
2022-12-18 00:00:00,3562005208003015
2022-12-17 00:00:00,3691574976082375
2022-12-16 00:00:00,3560002977762873
2022-12-15 00:00:00,3548804804975730
2022-12-14 00:00:00,3448754406774102
2022-12-13 00:00:00,3432137864307598
2022-12-12 00:00:00,3541173751658724
2022-12-11 00:00:00,3435333677889764
2022-12-10 00:00:00,3223220752744448
2022-12-09 00:00:00,3333138331263886
2022-12-08 00:00:00,3328357823880306
2022-12-07 00:00:00,3184288097078841
2022-12-06 00:00:00,3535158232394411
2022-12-05 00:00:00,3364491473220039
2022-12-04 00:00:00,3530300355947179
2022-12-03 00:00:00,3152776816812942
2022-12-02 00:00:00,3556680760907094
2022-12-01 00:00:00,3504982985219186
2022-11-30 00:00:00,3370108813224619
2022-11-29 00:00:00,3716138669528406
2022-11-28 00:00:00,3960209879626183
2022-11-27 00:00:00,3915689471508480
2022-11-26 00:00:00,3859923765268025
2022-11-25 00:00:00,4305978786840576
2022-11-24 00:00:00,4328106995220480
2022-11-23 00:00:00,4498868482284658
2022-11-22 00:00:00,4739451940328789
2022-11-21 00:00:00,4699914320623844
2022-11-20 00:00:00,4822389757167388
2022-11-19 00:00:00,4688943721451065
2022-11-18 00:00:00,4660685789433401
2022-11-17 00:00:00,4830376457637433
2022-11-16 00:00:00,4959340008978660
2022-11-15 00:00:00,5223930574463886
2022-11-14 00:00:00,5010353512863061
2022-11-13 00:00:00,5338391214292992
2022-11-12 00:00:00,5688863140522667
2022-11-11 00:00:00,5511567636197831
2022-11-10 00:00:00,5479191993763612
2022-11-09 00:00:00,5215075365989035
2022-11-08 00:00:00,5585618390220800
2022-11-07 00:00:00,4996405875004757
2022-11-06 00:00:00,5307038579381589
2022-11-05 00:00:00,4906057479837013
2022-11-04 00:00:00,5049836550691954
2022-11-03 00:00:00,5204152727284395
2022-11-02 00:00:00,5515443158180750
2022-11-01 00:00:00,5734289070911943
2022-10-31 00:00:00,5564334590306987
2022-10-30 00:00:00,5708857913376768
2022-10-29 00:00:00,6083439817479509
2022-10-28 00:00:00,5730267341083989
2022-10-27 00:00:00,5846966971225429
2022-10-26 00:00:00,5815917877162439
2022-10-25 00:00:00,6110170769318798
2022-10-24 00:00:00,5989612528628167
2022-10-23 00:00:00,5957281953524395
2022-10-22 00:00:00,5934717746311623
2022-10-21 00:00:00,6046205731900985
2022-10-20 00:00:00,6204100630340494
2022-10-19 00:00:00,6389686197026816
2022-10-18 00:00:00,6245923977953280
2022-10-17 00:00:00,6387310990633643
2022-10-16 00:00:00,6299323813389198
2022-10-15 00:00:00,6749889892799829
2022-10-14 00:00:00,6284812490899456
2022-10-13 00:00:00,6676348480141540
2022-10-12 00:00:00,6960190192615424
2022-10-11 00:00:00,7280092271549554
2022-10-10 00:00:00,7308103630687801
2022-10-09 00:00:00,7587480784309817
2022-10-08 00:00:00,7410907192404651
2022-10-07 00:00:00,7322333125774905
2022-10-06 00:00:00,6505366130349397
2022-10-05 00:00:00,6986882877489152
2022-10-04 00:00:00,6995921665989746
2022-10-03 00:00:00,9403957148734806
2022-10-02 00:00:00,16610579858849792
2022-10-01 00:00:00,16610579858849792
2022-09-30 00:00:00,16610579858849792
2022-09-29 00:00:00,16610579858849792
2022-09-28 00:00:00,16610579858849792
2022-09-27 00:00:00,16610579858849792
2022-09-26 00:00:00,16610579858849792
2022-09-25 00:00:00,20348388785870164
2022-09-24 00:00:00,21503711545131010
2022-09-23 00:00:00,21503711545131010
2022-09-22 00:00:00,21503711545131010
2022-09-21 00:00:00,21503711545131010
2022-09-20 00:00:00,21503711545131010
2022-09-19 00:00:00,21597845297794616
2022-09-18 00:00:00,21673152299925504
2022-09-17 00:00:00,21323926093168640
2022-09-16 00:00:00,16085532991815680
2022-09-15 00:00:00,5758462190769493
2022-09-14 00:00:00,3311428375150592
2022-09-13 00:00:00,3466444213846016
2022-09-12 00:00:00,3517622835362020
2022-09-11 00:00:00,3432748316360704
2022-09-10 00:00:00,3400047300327652
2022-09-09 00:00:00,3368242202542080
2022-09-08 00:00:00,3180120934886059
2022-09-07 00:00:00,3049212449361465
2022-09-06 00:00:00,2881655395640206
2022-09-05 00:00:00,2465921113260032
2022-09-04 00:00:00,2078515063160832
2022-09-03 00:00:00,1941825521829661
2022-09-02 00:00:00,1927905264387869
2022-09-01 00:00:00,1926842588069888
2022-08-31 00:00:00,1853338517766144
2022-08-30 00:00:00,1850459219412765
2022-08-29 00:00:00,1842595641338539
2022-08-28 00:00:00,1790726484525056
2022-08-27 00:00:00,1761353620753977
2022-08-26 00:00:00,1721056209403904
2022-08-25 00:00:00,1631885709017088
2022-08-24 00:00:00,1530473776356466
2022-08-23 00:00:00,1502985538269639
2022-08-22 00:00:00,1508437611511808
2022-08-21 00:00:00,1541893259264000
2022-08-20 00:00:00,1525874940124274
2022-08-19 00:00:00,1515164604039168
2022-08-18 00:00:00,1501516271714304
2022-08-17 00:00:00,1479756893650944
2022-08-16 00:00:00,1465972554028373
2022-08-15 00:00:00,1443113306423296
2022-08-14 00:00:00,1324815590533803
2022-08-13 00:00:00,1182050161786880
2022-08-12 00:00:00,1094854898963797
2022-08-11 00:00:00,1090077374196395
2022-08-10 00:00:00,1105825229701120
2022-08-09 00:00:00,1106006334155435
2022-08-08 00:00:00,1111732271215047
2022-08-07 00:00:00,1129245686366208
2022-08-06 00:00:00,1134461566233259
2022-08-05 00:00:00,1146945515028480
2022-08-04 00:00:00,1166023491321856
2022-08-03 00:00:00,1203476620232477
2022-08-02 00:00:00,1198148027300068
2022-08-01 00:00:00,1188616898347008
2022-07-31 00:00:00,1211451360411648
2022-07-30 00:00:00,1223784836220701
2022-07-29 00:00:00,1231259719754638
2022-07-28 00:00:00,1228468020838400
2022-07-27 00:00:00,1223805893490916
2022-07-26 00:00:00,1209209476961621
2022-07-25 00:00:00,1175803131854848
2022-07-24 00:00:00,1166209666223673
2022-07-23 00:00:00,1172825168558308
2022-07-22 00:00:00,1178746974022315
2022-07-21 00:00:00,1181476783652864
2022-07-20 00:00:00,1214920262331051
2022-07-19 00:00:00,1232824638810795
2022-07-18 00:00:00,1250973649469440
2022-07-17 00:00:00,1288137494436978
2022-07-16 00:00:00,1309277412946375
2022-07-15 00:00:00,1329060449878016
2022-07-14 00:00:00,1330591635545202
2022-07-13 00:00:00,1312181705623325
2022-07-12 00:00:00,1278905611365035
2022-07-11 00:00:00,1218924603506688
2022-07-10 00:00:00,1201407042519040
2022-07-09 00:00:00,1246307972808704
2022-07-08 00:00:00,1300184460135993
2022-07-07 00:00:00,1353378554707968
2022-07-06 00:00:00,1494326496460800
2022-07-05 00:00:00,1553024114404011
2022-07-04 00:00:00,1620482570846208
2022-07-03 00:00:00,1703873685691506
2022-07-02 00:00:00,1729948133883904
2022-07-01 00:00:00,1763874348990464
2022-06-30 00:00:00,1656344712635278
2022-06-29 00:00:00,1547934727289060
2022-06-28 00:00:00,1535075028507762
2022-06-27 00:00:00,1616647165050880
2022-06-26 00:00:00,1735248928833536
2022-06-25 00:00:00,1829459931256149
2022-06-24 00:00:00,1931652951441408
2022-06-23 00:00:00,2040161422773817
2022-06-22 00:00:00,2086401338944171
2022-06-21 00:00:00,2226111614287872
2022-06-20 00:00:00,2210581251154830
2022-06-19 00:00:00,2175284971307008
2022-06-18 00:00:00,2047400530498901
2022-06-17 00:00:00,1933987713559211
2022-06-16 00:00:00,1844530852193166
2022-06-15 00:00:00,1803284968898560
2022-06-14 00:00:00,1840284054148437
2022-06-13 00:00:00,1832055284549405
2022-06-12 00:00:00,1818609412210688
2022-06-11 00:00:00,1804517624512512
2022-06-10 00:00:00,1811821753270272
2022-06-09 00:00:00,1811426407495908
2022-06-08 00:00:00,1779993361252352
2022-06-07 00:00:00,1799493168951751
2022-06-06 00:00:00,1782938754380231
2022-06-05 00:00:00,1723617620525056
2022-06-04 00:00:00,1690048424574976
2022-06-03 00:00:00,1708220580335161
2022-06-02 00:00:00,1720207595449003
2022-06-01 00:00:00,1696383232901120
2022-05-31 00:00:00,1679670083496619
2022-05-30 00:00:00,1657316478812160
2022-05-29 00:00:00,1619632167321600
2022-05-28 00:00:00,1591216842648235
2022-05-27 00:00:00,1634534510792249
2022-05-26 00:00:00,1659936140427264
2022-05-25 00:00:00,1638319570026496
2022-05-24 00:00:00,1708645424183524
2022-05-23 00:00:00,1736947498920619
2022-05-22 00:00:00,1761202879332352
2022-05-21 00:00:00,1804842878806699
2022-05-20 00:00:00,1818512835098852
2022-05-19 00:00:00,1824772690280448
2022-05-18 00:00:00,1779658353803264
2022-05-17 00:00:00,1742311107766955
2022-05-16 00:00:00,1699140542252829
2022-05-15 00:00:00,1678408794767360
2022-05-14 00:00:00,1646490029479253
2022-05-13 00:00:00,1658538665443328
2022-05-12 00:00:00,1689282578219008
2022-05-11 00:00:00,1735192557387776
2022-05-10 00:00:00,1822633080739157
2022-05-09 00:00:00,1877466391336277
2022-05-08 00:00:00,1983355767750656
2022-05-07 00:00:00,1962753585111950
2022-05-06 00:00:00,1936287101849145
2022-05-05 00:00:00,1963641867862016
2022-05-04 00:00:00,1940162474701255
2022-05-03 00:00:00,1912293624963982
2022-05-02 00:00:00,1874246418563072
2022-05-01 00:00:00,1856127383197013
2022-04-30 00:00:00,1836071884277533
2022-04-29 00:00:00,1816778264834503
2022-04-28 00:00:00,1858694341984256
2022-04-27 00:00:00,1884998600753152
2022-04-26 00:00:00,1900197565402681
2022-04-25 00:00:00,1883918684913664
2022-04-24 00:00:00,1910799930782151
2022-04-23 00:00:00,1929964104683065
2022-04-22 00:00:00,1955485724966912
2022-04-21 00:00:00,1919073946668601
2022-04-20 00:00:00,1904673040629760
2022-04-19 00:00:00,1898010472611840
2022-04-18 00:00:00,1778998271016960
2022-04-17 00:00:00,1800980003116373
2022-04-16 00:00:00,1825288444269909
2022-04-15 00:00:00,1851371422744576
2022-04-14 00:00:00,1922389900030407
2022-04-13 00:00:00,1982914161599374
2022-04-12 00:00:00,2047178981769216
2022-04-11 00:00:00,2149714644900978
2022-04-10 00:00:00,2162532139663360
2022-04-09 00:00:00,2141900190515200
2022-04-08 00:00:00,2027998612262457
2022-04-07 00:00:00,1880413723164672
2022-04-06 00:00:00,1555668770342685
2022-04-05 00:00:00,1570154323028651
2022-04-04 00:00:00,1710367646416896
2022-04-03 00:00:00,1834845462331392
2022-04-02 00:00:00,1919659792138240
2022-04-01 00:00:00,2077574465323008
2022-03-31 00:00:00,2156870299025408
2022-03-30 00:00:00,2267884466208768
2022-03-29 00:00:00,2320233943531520
2022-03-28 00:00:00,2377135549317120
2022-03-27 00:00:00,2266457373846187
2022-03-26 00:00:00,2070369926119424
2022-03-25 00:00:00,1640631932696804
2022-03-24 00:00:00,1601883214970880
2022-03-23 00:00:00,1690799775416320
2022-03-22 00:00:00,1721332280357319
2022-03-21 00:00:00,1749052178242674
2022-03-20 00:00:00,1793221860524032
2022-03-19 00:00:00,1806620011003904
2022-03-18 00:00:00,1820018161483776
2022-03-17 00:00:00,1791147391320064
2022-03-16 00:00:00,1765401030907221
2022-03-15 00:00:00,1735468986255133
2022-03-14 00:00:00,1676179706740736
2022-03-13 00:00:00,1681497413124096
2022-03-12 00:00:00,1677819578941440
2022-03-11 00:00:00,1671387775937195
2022-03-10 00:00:00,1652875214192640
2022-03-09 00:00:00,1654029128739499
2022-03-08 00:00:00,1657115003089351
2022-03-07 00:00:00,1663277624983552
2022-03-06 00:00:00,1732494005574770
2022-03-05 00:00:00,1738812737599716
2022-03-04 00:00:00,1727800918671360
2022-03-03 00:00:00,1749710262676139
2022-03-02 00:00:00,1759702265480989
2022-03-01 00:00:00,1769307482619904
2022-02-28 00:00:00,1749440634173668
2022-02-27 00:00:00,1713893247869838
2022-02-26 00:00:00,1680931372225877
2022-02-25 00:00:00,1667667081560064
2022-02-24 00:00:00,1650945700134912
2022-02-23 00:00:00,1646931933892153
2022-02-22 00:00:00,1649383405780992
2022-02-21 00:00:00,1589082064945152
2022-02-20 00:00:00,1611331665803492
2022-02-19 00:00:00,1650606517023175
2022-02-18 00:00:00,1725567535677440
2022-02-17 00:00:00,1752193380122624
2022-02-16 00:00:00,1758825614934016
2022-02-15 00:00:00,1750164813381632
2022-02-14 00:00:00,1740250418249728
2022-02-13 00:00:00,1742708034327893
2022-02-12 00:00:00,1749207035674624
2022-02-11 00:00:00,1747205223000747
2022-02-10 00:00:00,1685620969468359
2022-02-09 00:00:00,1623942405612430
2022-02-08 00:00:00,1619202670592000
2022-02-07 00:00:00,1717151189346987
2022-02-06 00:00:00,1747809739647659
2022-02-05 00:00:00,1781457408229376
2022-02-04 00:00:00,1837679067004928
2022-02-03 00:00:00,1904549918233941
2022-02-02 00:00:00,1952294206352043
2022-02-01 00:00:00,2076625277550592
2022-01-31 00:00:00,2063544477432036
2022-01-30 00:00:00,2040401523376128
2022-01-29 00:00:00,1952697694668573
2022-01-28 00:00:00,1897756980062891
2022-01-27 00:00:00,1848973488816128
2022-01-26 00:00:00,1798981411667968
2022-01-25 00:00:00,1778146942881337
2022-01-24 00:00:00,1760321039033230
2022-01-23 00:00:00,1753253372086045
2022-01-22 00:00:00,1799771685650432
2022-01-21 00:00:00,1857153254031360
2022-01-20 00:00:00,1882828628179172
2022-01-19 00:00:00,1877905730699264
2022-01-18 00:00:00,1870044150977877
2022-01-17 00:00:00,1855333291465842
2022-01-16 00:00:00,1808735282397184
2022-01-15 00:00:00,1753067107705742
2022-01-14 00:00:00,1723558922638677
2022-01-13 00:00:00,1701119508086784
2022-01-12 00:00:00,1668234017243136
2022-01-11 00:00:00,1707057151242695
2022-01-10 00:00:00,1727196938895360
2022-01-09 00:00:00,1745036622430208
2022-01-08 00:00:00,1883723144597049
2022-01-07 00:00:00,1910061196407239
2022-01-06 00:00:00,1943610140393472
2022-01-05 00:00:00,1935594627851150
2022-01-04 00:00:00,1920295387645725
2022-01-03 00:00:00,1895923118505984
2022-01-02 00:00:00,1908604367361365
2022-01-01 00:00:00,1851216803921920
2021-12-31 00:00:00,1748213406921159
2021-12-30 00:00:00,1631499161960448
2021-12-29 00:00:00,1571160896336327
2021-12-28 00:00:00,1644308305397533
2021-12-27 00:00:00,1696103821417586
2021-12-26 00:00:00,1763676780494848
2021-12-25 00:00:00,1848983898146589
2021-12-24 00:00:00,1892883176445269
2021-12-23 00:00:00,1940303015575552
2021-12-22 00:00:00,2016664312872960
2021-12-21 00:00:00,2038872962411179
2021-12-20 00:00:00,2049992185348096
2021-12-19 00:00:00,1985469607488171
2021-12-18 00:00:00,1943796315295289
2021-12-17 00:00:00,1932709513396224
2021-12-16 00:00:00,1843393342035285
2021-12-15 00:00:00,1827394051986773
2021-12-14 00:00:00,1856272248864768
2021-12-13 00:00:00,1921787411562496
2021-12-12 00:00:00,1987475804607829
2021-12-11 00:00:00,2023769799393280
2021-12-10 00:00:00,2067618731130880
2021-12-09 00:00:00,2085406815405853
2021-12-08 00:00:00,2074115942907904
2021-12-07 00:00:00,2058449154910891
2021-12-06 00:00:00,2102412261195776
2021-12-05 00:00:00,2036526866351901
2021-12-04 00:00:00,1957030928930133
2021-12-03 00:00:00,1937322308272128
2021-12-02 00:00:00,1954986703454208
2021-12-01 00:00:00,2020698420558052
2021-11-30 00:00:00,2087959219026148
2021-11-29 00:00:00,2186301562421248
2021-11-28 00:00:00,2245260010149205
2021-11-27 00:00:00,2282774044082176
2021-11-26 00:00:00,2357382994722816
2021-11-25 00:00:00,2351331863021341
2021-11-24 00:00:00,2339108028182983
2021-11-23 00:00:00,2290536123727872
2021-11-22 00:00:00,2284509598609863
2021-11-21 00:00:00,2272231778418688
2021-11-20 00:00:00,2278711720848043
2021-11-19 00:00:00,2474807400595456
2021-11-18 00:00:00,2525226021683200
2021-11-17 00:00:00,2575644642770944
2021-11-16 00:00:00,2537915323602262
2021-11-15 00:00:00,2511572410127702
2021-11-14 00:00:00,2484887688839168
2021-11-13 00:00:00,2380885294375822
2021-11-12 00:00:00,2296868516134912
2021-11-11 00:00:00,2209060385339620
2021-11-10 00:00:00,2124160543926955
2021-11-09 00:00:00,2076938810163200
2021-11-08 00:00:00,2277782009559268
2021-11-07 00:00:00,2368585701086550
2021-11-06 00:00:00,2510331075100672
2021-11-05 00:00:00,2600546564891534
2021-11-04 00:00:00,2640614076186624
2021-11-03 00:00:00,2694696841248768
2021-11-02 00:00:00,2651704218615808
2021-11-01 00:00:00,2600572931218546
2021-10-31 00:00:00,2431913562210304
2021-10-30 00:00:00,2269225211833003
2021-10-29 00:00:00,2117812403306496
2021-10-28 00:00:00,2081172216261291
2021-10-27 00:00:00,2213766446623403
2021-10-26 00:00:00,2491647967363072
2021-10-25 00:00:00,2706665960665543
2021-10-24 00:00:00,2815184185152854
2021-10-23 00:00:00,3018893857652736
2021-10-22 00:00:00,3024891749655438
2021-10-21 00:00:00,3042237004906496
2021-10-20 00:00:00,2928274223369785
2021-10-19 00:00:00,2803852003420843
2021-10-18 00:00:00,2563358172992854
2021-10-17 00:00:00,2192895768876373
2021-10-16 00:00:00,2251028151227733
2021-10-15 00:00:00,2676194122137600
2021-10-14 00:00:00,3025254167347200
2021-10-13 00:00:00,3346389408940032
2021-10-12 00:00:00,3579797020548210
2021-10-11 00:00:00,3766523109834752
2021-10-10 00:00:00,3866454471824726
2021-10-09 00:00:00,3917998016430080
2021-10-08 00:00:00,3565887739133952
2021-10-07 00:00:00,3260459789465828
2021-10-06 00:00:00,2876714065592320
2021-10-05 00:00:00,2800929218523591
2021-10-04 00:00:00,3055196710808235
2021-10-03 00:00:00,3397263296561152
2021-10-02 00:00:00,3981735808321309
2021-10-01 00:00:00,4104524151128064
2021-09-30 00:00:00,4617844862659243
2021-09-29 00:00:00,4710410892607488
2021-09-28 00:00:00,4888727376276139
2021-09-27 00:00:00,4962151810727936
2021-09-26 00:00:00,4477351948830493
2021-09-25 00:00:00,4039923309419634
2021-09-24 00:00:00,3607021147972494
2021-09-23 00:00:00,3478048261042631
2021-09-22 00:00:00,3631992326440733
2021-09-21 00:00:00,4041358067105792
2021-09-20 00:00:00,4253289649187499
2021-09-19 00:00:00,4477331607388160
2021-09-18 00:00:00,4646790436836693
2021-09-17 00:00:00,4709732287774720
2021-09-16 00:00:00,4904666536782507
2021-09-15 00:00:00,4843734134015772
2021-09-14 00:00:00,4528729481019392
2021-09-13 00:00:00,4066371002200519
2021-09-12 00:00:00,3700759017990827
2021-09-11 00:00:00,3475833280790528
2021-09-10 00:00:00,3378695884505088
2021-09-09 00:00:00,3396301223886848
2021-09-08 00:00:00,3507106369328470
2021-09-07 00:00:00,3519614745750187
2021-09-06 00:00:00,3479176912830464
2021-09-05 00:00:00,3630108506062848
2021-09-04 00:00:00,3650443028725760
2021-09-03 00:00:00,3665561313607680
2021-09-02 00:00:00,3864063248782678
2021-09-01 00:00:00,3891810884998486
2021-08-31 00:00:00,3920244284325888
2021-08-30 00:00:00,3892443855803734
2021-08-29 00:00:00,3877886332589398
2021-08-28 00:00:00,3860484109369344
2021-08-27 00:00:00,3847131085872242
2021-08-26 00:00:00,3789561314410496
2021-08-25 00:00:00,3583591862763520
2021-08-24 00:00:00,3323934723393309
2021-08-23 00:00:00,3098867490881536
2021-08-22 00:00:00,2875860411016078
2021-08-21 00:00:00,2774188095963136
2021-08-20 00:00:00,2535570241632484
2021-08-19 00:00:00,2280578301704420
2021-08-18 00:00:00,2114180471586816
2021-08-17 00:00:00,2120274940701355
2021-08-16 00:00:00,2223822396719104
2021-08-15 00:00:00,2284969458372153
2021-08-14 00:00:00,2327684638048256
2021-08-13 00:00:00,2366569929768960
2021-08-12 00:00:00,2351263203196928
2021-08-11 00:00:00,2331583126175744
2021-08-10 00:00:00,2361275666748758
2021-08-09 00:00:00,2364412245573632
2021-08-08 00:00:00,2165475266002944
2021-08-07 00:00:00,1851355048181760
2021-08-06 00:00:00,1473319811416064
2021-08-05 00:00:00,1367407289900146
2021-08-04 00:00:00,1336581832398165
2021-08-03 00:00:00,1339114968317952
2021-08-02 00:00:00,1452673903624192
2021-08-01 00:00:00,1457534374947499
2021-07-31 00:00:00,1464339034800128
2021-07-30 00:00:00,1480215649845248
2021-07-29 00:00:00,1474115454107648
2021-07-28 00:00:00,1463802163888128
2021-07-27 00:00:00,1411250375710037
2021-07-26 00:00:00,1384145075714276
2021-07-25 00:00:00,1385491488309248
2021-07-24 00:00:00,1405940125867122
2021-07-23 00:00:00,1436164049338368
2021-07-22 00:00:00,1525926032339399
2021-07-21 00:00:00,1572224318308352
2021-07-20 00:00:00,1643198652874752
2021-07-19 00:00:00,1641430468526080
2021-07-18 00:00:00,1639157088649216
2021-07-17 00:00:00,1547915698197845
2021-07-16 00:00:00,1498304888875691
2021-07-15 00:00:00,1478447733932032
2021-07-14 00:00:00,1497033757513045
2021-07-13 00:00:00,1619065231638528
2021-07-12 00:00:00,1692454530871751
2021-07-11 00:00:00,1740085062008832
2021-07-10 00:00:00,1748704524500992
2021-07-09 00:00:00,1769004299685433
2021-07-08 00:00:00,1786667740430336
2021-07-07 00:00:00,1801440966446649
2021-07-06 00:00:00,1762693889159623
2021-07-05 00:00:00,1674344085440285
2021-07-04 00:00:00,1555959277158400
2021-07-03 00:00:00,1477602967552000
2021-07-02 00:00:00,1576540163917597
2021-07-01 00:00:00,1678938268791239
2021-06-30 00:00:00,1881676711985152
2021-06-29 00:00:00,1900762472906752
2021-06-28 00:00:00,1936643703439360
2021-06-27 00:00:00,1876499844737707
2021-06-26 00:00:00,1801129253229909
2021-06-25 00:00:00,1697019842498105
2021-06-24 00:00:00,1601348491542528
2021-06-23 00:00:00,1645805698023424
2021-06-22 00:00:00,1667757365351765
2021-06-21 00:00:00,1734166060204032
2021-06-20 00:00:00,1828438922086173
2021-06-19 00:00:00,2119935727763456
2021-06-18 00:00:00,2201209095644046
2021-06-17 00:00:00,2436242889244672
2021-06-16 00:00:00,2456455721167531
2021-06-15 00:00:00,2521850177388544
2021-06-14 00:00:00,2430772771174628
2021-06-13 00:00:00,2306561720451072
2021-06-12 00:00:00,1970281887301632
2021-06-11 00:00:00,1859772975298788
2021-06-10 00:00:00,1773490363199943
2021-06-09 00:00:00,1792838176778923
2021-06-08 00:00:00,1909453219925561
2021-06-07 00:00:00,2108635668807680
2021-06-06 00:00:00,2348615534815915
2021-06-05 00:00:00,2468605467820032
2021-06-04 00:00:00,2634106395426816
2021-06-03 00:00:00,2709334089793536
2021-06-02 00:00:00,2677273709889309
2021-06-01 00:00:00,2644982654449892
2021-05-31 00:00:00,2262769160159232
2021-05-30 00:00:00,2095499988551453
2021-05-29 00:00:00,1970922433951972
2021-05-28 00:00:00,1840981717898581
2021-05-27 00:00:00,1727501464007111
2021-05-26 00:00:00,1757732545757184
2021-05-25 00:00:00,1824049704118955
2021-05-24 00:00:00,1857208283299840
2021-05-23 00:00:00,1953247271525490
2021-05-22 00:00:00,1966102884122624
2021-05-21 00:00:00,1945286788251648
2021-05-20 00:00:00,1923366348914688
2021-05-19 00:00:00,1639165678583808
2021-05-18 00:00:00,1401924092836068
2021-05-17 00:00:00,1186845492772864
2021-05-16 00:00:00,1039365681243022
2021-05-15 00:00:00,956840718135751
2021-05-14 00:00:00,814961454481408
2021-05-13 00:00:00,653857320686933
2021-05-12 00:00:00,513656404981988
2021-05-11 00:00:00,406512450724750
2021-05-10 00:00:00,376939751669760
2021-05-09 00:00:00,434972812902400
2021-05-08 00:00:00,553847724674617
2021-05-07 00:00:00,599568844587008
2021-05-06 00:00:00,608762937911979
2021-05-05 00:00:00,682315684511744
2021-05-04 00:00:00,682733489385927
2021-05-03 00:00:00,689836172247040
2021-05-02 00:00:00,679818339986091
2021-05-01 00:00:00,665089763733959
2021-04-30 00:00:00,615971324690432
2021-04-29 00:00:00,599665898917433
2021-04-28 00:00:00,601731897491456
2021-04-27 00:00:00,605836752832285
2021-04-26 00:00:00,600788615299072
2021-04-25 00:00:00,635142388434717
2021-04-24 00:00:00,650272961695289
2021-04-23 00:00:00,652405532262400
2021-04-22 00:00:00,643426306606877
2021-04-21 00:00:00,633888019374990
2021-04-20 00:00:00,626412390187008
2021-04-19 00:00:00,622375956061298
2021-04-18 00:00:00,615793351983104
2021-04-17 00:00:00,590600952872960
2021-04-16 00:00:00,573258232845653
2021-04-15 00:00:00,553251917266944
2021-04-14 00:00:00,523147566878265
2021-04-13 00:00:00,513321606316032
2021-04-12 00:00:00,497779551327573
2021-04-11 00:00:00,484248972689408
2021-04-10 00:00:00,472729870401536
2021-04-09 00:00:00,455180634030080
2021-04-08 00:00:00,462627570450432
2021-04-07 00:00:00,472787852460032
2021-04-06 00:00:00,492443770290176
2021-04-05 00:00:00,503539698994745
2021-04-04 00:00:00,513839448136818
2021-04-03 00:00:00,531098475954176
2021-04-02 00:00:00,538972940577451
2021-04-01 00:00:00,542321344803271
2021-03-31 00:00:00,532653254115328
2021-03-30 00:00:00,520401859903488
2021-03-29 00:00:00,506696559609628
2021-03-28 00:00:00,453174884302848
2021-03-27 00:00:00,416288571770652
2021-03-26 00:00:00,394718231920640
2021-03-25 00:00:00,382399728844800
2021-03-24 00:00:00,372004297375744
2021-03-23 00:00:00,381859875316622
2021-03-22 00:00:00,386859604989269
2021-03-21 00:00:00,390737453412807
2021-03-20 00:00:00,379108173283328
2021-03-19 00:00:00,376079147597824
2021-03-18 00:00:00,372441906821348
2021-03-17 00:00:00,367477401845760
2021-03-16 00:00:00,357755206500352
2021-03-15 00:00:00,340979243199147
2021-03-14 00:00:00,320498244255744
2021-03-13 00:00:00,310227635273728
2021-03-12 00:00:00,322557054724779
2021-03-11 00:00:00,403907314450432
2021-03-10 00:00:00,435836101328896
2021-03-09 00:00:00,481835201069056
2021-03-08 00:00:00,563478711617309
2021-03-07 00:00:00,585876488847360
2021-03-06 00:00:00,624715162277205
2021-03-05 00:00:00,646667455954944
2021-03-04 00:00:00,664016171040768
2021-03-03 00:00:00,677509616107520
2021-03-02 00:00:00,655050277679559
2021-03-01 00:00:00,634955080138752
2021-02-28 00:00:00,545869405356032
2021-02-27 00:00:00,423641973347669
2021-02-26 00:00:00,284339361983147
2021-02-25 00:00:00,261760062732516
2021-02-24 00:00:00,268344516032740
2021-02-23 00:00:00,271668283848932
2021-02-22 00:00:00,271626616700928
2021-02-21 00:00:00,274557633618830
2021-02-20 00:00:00,278434139865088
2021-02-19 00:00:00,277626149142528
2021-02-18 00:00:00,275663885959168
2021-02-17 00:00:00,273519832319772
2021-02-16 00:00:00,247596274679808
2021-02-15 00:00:00,247596274679808
2021-02-14 00:00:00,131068064228238
2021-02-13 00:00:00,430506046914560
2021-02-12 00:00:00,430506046914560
2021-02-11 00:00:00,430506046914560
2021-02-10 00:00:00,430506046914560
2021-02-09 00:00:00,430506046914560
2021-02-08 00:00:00,430506046914560
2021-02-07 00:00:00,385617985798144
2021-02-06 00:00:00,122702199259136
2021-02-05 00:00:00,122702199259136
2021-02-04 00:00:00,122702199259136
2021-02-03 00:00:00,122702199259136
2021-02-02 00:00:00,2091658272309248
2021-02-01 00:00:00,3359752006635065
2021-01-31 00:00:00,3138946783510528
2021-01-30 00:00:00,2981878338187719
2021-01-29 00:00:00,2806707440844800
2021-01-28 00:00:00,2571761037898183
2021-01-27 00:00:00,2565929426747392
2021-01-26 00:00:00,2926061181818198
2021-01-25 00:00:00,2968706448971094
2021-01-24 00:00:00,3019854230235819
2021-01-23 00:00:00,3645224643461120
2021-01-22 00:00:00,3645224643461120
2021-01-21 00:00:00,3645224643461120
2021-01-20 00:00:00,3686032201482240
2021-01-19 00:00:00,3698645446688768
2021-01-18 00:00:00,3400678779824811
2021-01-17 00:00:00,3129363786862137
2021-01-16 00:00:00,2553436082711211
2021-01-15 00:00:00,1639657511991524
2021-01-14 00:00:00,1425783709907172
2021-01-13 00:00:00,1473435775533056
2021-01-12 00:00:00,1526094758936576
2021-01-11 00:00:00,1511223613631147
2021-01-10 00:00:00,1398004935178468
2021-01-09 00:00:00,1353717857124352
2021-01-08 00:00:00,1387581526769664
2021-01-07 00:00:00,1506569658651989
2021-01-06 00:00:00,1614697249898496
2021-01-05 00:00:00,1709026811314176
2021-01-04 00:00:00,1757681006149632
2021-01-03 00:00:00,1732396623156565
2021-01-02 00:00:00,1709211494907904
2021-01-01 00:00:00,1673104510156800
2020-12-31 00:00:00,1611218803607325
2020-12-30 00:00:00,1523747738266283
2020-12-29 00:00:00,1406183745956523
2020-12-28 00:00:00,1325579915755520
2020-12-27 00:00:00,1351531718770688
2020-12-26 00:00:00,1397274045084103
2020-12-25 00:00:00,1428503080381099
2020-12-24 00:00:00,1480342082945024
2020-12-23 00:00:00,1472023626077525
2020-12-22 00:00:00,1467206879907385
2020-12-21 00:00:00,1472426458218496
2020-12-20 00:00:00,1452640229887545
2020-12-19 00:00:00,1421128979447808
2020-12-18 00:00:00,1340167235305472
2020-12-17 00:00:00,1254304247476679
2020-12-16 00:00:00,1275889828495360
2020-12-15 00:00:00,1298791130988544
2020-12-14 00:00:00,1332247315611648
2020-12-13 00:00:00,1351436185574514
2020-12-12 00:00:00,1365174026210873
2020-12-11 00:00:00,1379380883241188
2020-12-10 00:00:00,1447640201953280
2020-12-09 00:00:00,1453032056174820
2020-12-08 00:00:00,1460799981748224
2020-12-07 00:00:00,1422576920297472
2020-12-06 00:00:00,1403087700885504
2020-12-05 00:00:00,1385372243314461
2020-12-04 00:00:00,1369351538081792
2020-12-03 00:00:00,1354332216404651
2020-12-02 00:00:00,1332281675350016
2020-12-01 00:00:00,1311685696552960
2020-11-30 00:00:00,1306649310527488
2020-11-29 00:00:00,1342716298395648
2020-11-28 00:00:00,1387922588929593
2020-11-27 00:00:00,1429100080835243
2020-11-26 00:00:00,1477730742829056
2020-11-25 00:00:00,1508714159683812
2020-11-24 00:00:00,1570239566199012
2020-11-23 00:00:00,1692393208283136
2020-11-22 00:00:00,1769925599996587
2020-11-21 00:00:00,1815142299860992
2020-11-20 00:00:00,1892959591071744
2020-11-19 00:00:00,1871180527741611
2020-11-18 00:00:00,1856972060098560
2020-11-17 00:00:00,1897769954443264
2020-11-16 00:00:00,1907966922631851
2020-11-15 00:00:00,1924030279275861
2020-11-14 00:00:00,1980108772474880
2020-11-13 00:00:00,1930484362422955
2020-11-12 00:00:00,1870517432512967
2020-11-11 00:00:00,1774427083636736
2020-11-10 00:00:00,1583185194152391
2020-11-09 00:00:00,1487651311976448
2020-11-08 00:00:00,1412852159902151
2020-11-07 00:00:00,1353239147227819
2020-11-06 00:00:00,1402460784791097
2020-11-05 00:00:00,1525864441315328
2020-11-04 00:00:00,1885128434035371
2020-11-03 00:00:00,1929080743249693
2020-11-02 00:00:00,2324298861641728
2020-11-01 00:00:00,2324298861641728
2020-10-31 00:00:00,2343193019300068
2020-10-30 00:00:00,2318609461630294
2020-10-29 00:00:00,2183045977210880
2020-10-28 00:00:00,2091104626394909
2020-10-27 00:00:00,2011294022966386
2020-10-26 00:00:00,1947460041703424
2020-10-25 00:00:00,1939574780009586
2020-10-24 00:00:00,2054647929896960
2020-10-23 00:00:00,2308645793679133
2020-10-22 00:00:00,2401896393692502
2020-10-21 00:00:00,2812031052808192
2020-10-20 00:00:00,2812031052808192
2020-10-19 00:00:00,2829732044690774
2020-10-18 00:00:00,2804786099155399
2020-10-17 00:00:00,2753301670002688
2020-10-16 00:00:00,2653803741795670
2020-10-15 00:00:00,2563573010836139
2020-10-14 00:00:00,2385304577114112
2020-10-13 00:00:00,2084651378380345
2020-10-12 00:00:00,2010050689586517
2020-10-11 00:00:00,1957912262184505
2020-10-10 00:00:00,1914182456137045
2020-10-09 00:00:00,1882449806098432
2020-10-08 00:00:00,1856225451616939
2020-10-07 00:00:00,1834946036148907
2020-10-06 00:00:00,1727264047759360
2020-10-05 00:00:00,1651936226967552
2020-10-04 00:00:00,1539465171085995
2020-10-03 00:00:00,1385657888465806
2020-10-02 00:00:00,1235318732284814
2020-10-01 00:00:00,1300846809710592
2020-09-30 00:00:00,1394071192527758
2020-09-29 00:00:00,1451681766178816
2020-09-28 00:00:00,1481259476028985
2020-09-27 00:00:00,1490868212654990
2020-09-26 00:00:00,1499948608651264
2020-09-25 00:00:00,1449091960551652
2020-09-24 00:00:00,1496530441033045
2020-09-23 00:00:00,1529313300054016
2020-09-22 00:00:00,1491542134780359
2020-09-21 00:00:00,1496417131444452
2020-09-20 00:00:00,1502982406522653
2020-09-19 00:00:00,1483735107108864
2020-09-18 00:00:00,1504728400206962
2020-09-17 00:00:00,1513918616130901
2020-09-16 00:00:00,1481862501367808
2020-09-15 00:00:00,1445866380460032
2020-09-14 00:00:00,1409870259552256
2020-09-13 00:00:00,1281689943219314
2020-09-12 00:00:00,1196843102896128
2020-09-11 00:00:00,1092322091131790
2020-09-10 00:00:00,998000195039687
2020-09-09 00:00:00,985828138418176
2020-09-08 00:00:00,973221395314916
2020-09-07 00:00:00,982682074873856
2020-09-06 00:00:00,993185417396224
2020-09-05 00:00:00,979160977171342
2020-09-04 00:00:00,953699098689536
2020-09-03 00:00:00,914327551053369
2020-09-02 00:00:00,861433000624128
2020-09-01 00:00:00,842103052916053
2020-08-31 00:00:00,842744345220437
2020-08-30 00:00:00,850822999747243
2020-08-29 00:00:00,878428186214400
2020-08-28 00:00:00,891753680164181
2020-08-27 00:00:00,901575673846898
2020-08-26 00:00:00,915519523782656
2020-08-25 00:00:00,915423513367893
2020-08-24 00:00:00,911122103620949
2020-08-23 00:00:00,886296566300672
2020-08-22 00:00:00,843266839922461
2020-08-21 00:00:00,803006383186830
2020-08-20 00:00:00,763758136903453
2020-08-19 00:00:00,745937035067392
2020-08-18 00:00:00,757537592603079
2020-08-17 00:00:00,782273561959538
2020-08-16 00:00:00,804149232227669
2020-08-15 00:00:00,830754049228800
2020-08-14 00:00:00,879621859034909
2020-08-13 00:00:00,900991796903936
2020-08-12 00:00:00,945098963550208
2020-08-11 00:00:00,947142950416839
2020-08-10 00:00:00,949287898841088
2020-08-09 00:00:00,949050333462528
2020-08-08 00:00:00,938683803544235
2020-08-07 00:00:00,923224158240768
2020-08-06 00:00:00,890286590918656
2020-08-05 00:00:00,899347778866745
2020-08-04 00:00:00,898531675428181
2020-08-03 00:00:00,895446636210859
2020-08-02 00:00:00,891119814574080
2020-08-01 00:00:00,917910866129351
2020-07-31 00:00:00,939550283370041
2020-07-30 00:00:00,969344053936128
2020-07-29 00:00:00,995269550276608
2020-07-28 00:00:00,1009209940377600
2020-07-27 00:00:00,1029954632417280
2020-07-26 00:00:00,999364324374756
2020-07-25 00:00:00,980259832623559
2020-07-24 00:00:00,973810819923968
2020-07-23 00:00:00,949499515458901
2020-07-22 00:00:00,968611940969131
2020-07-21 00:00:00,984818522841998
2020-07-20 00:00:00,987009254424576
2020-07-19 00:00:00,974308320302421
2020-07-18 00:00:00,961618004293860
2020-07-17 00:00:00,940705212006400
2020-07-16 00:00:00,920857541782187
2020-07-15 00:00:00,901752990378667
2020-07-14 00:00:00,880672068017266
2020-07-13 00:00:00,872526901149696
2020-07-12 00:00:00,866773792456704
2020-07-11 00:00:00,900801625296441
2020-07-10 00:00:00,940524823379968
2020-07-09 00:00:00,964683745984512
2020-07-08 00:00:00,982106280820736
2020-07-07 00:00:00,1014003123879936
2020-07-06 00:00:00,1005804210268843
2020-07-05 00:00:00,1002684990270123
2020-07-04 00:00:00,1003484748972032
2020-07-03 00:00:00,948405193583275
2020-07-02 00:00:00,947992996027506
2020-07-01 00:00:00,962472106262528
2020-06-30 00:00:00,947712272192853
2020-06-29 00:00:00,923465988760462
2020-06-28 00:00:00,892449106952192
2020-06-27 00:00:00,828902918324224
2020-06-26 00:00:00,835663674066717
2020-06-25 00:00:00,817623528898560
2020-06-24 00:00:00,798188473796381
2020-06-23 00:00:00,822756820123648
2020-06-22 00:00:00,810916132159488
2020-06-21 00:00:00,827713391340203
2020-06-20 00:00:00,861566144610304
2020-06-19 00:00:00,942250058055680
2020-06-18 00:00:00,955734167533796
2020-06-17 00:00:00,952799839911936
2020-06-16 00:00:00,924206572357405
2020-06-15 00:00:00,897577297903616
2020-06-14 00:00:00,890256526147584
2020-06-13 00:00:00,845972550014293
2020-06-12 00:00:00,799320495940494
2020-06-11 00:00:00,754568845590528
2020-06-10 00:00:00,712998930874368
2020-06-09 00:00:00,685179801348779
2020-06-08 00:00:00,711117198327808
2020-06-07 00:00:00,734984868462592
2020-06-06 00:00:00,791709933196629
2020-06-05 00:00:00,800939579306439
2020-06-04 00:00:00,808145341382656
2020-06-03 00:00:00,824203687231488
2020-06-02 00:00:00,820622102072889
2020-06-01 00:00:00,801612696125440
2020-05-31 00:00:00,786478006854542
2020-05-30 00:00:00,778667012303531
2020-05-29 00:00:00,770796305776640
2020-05-28 00:00:00,707947393158713
2020-05-27 00:00:00,640089117017885
2020-05-26 00:00:00,607687048604331
2020-05-25 00:00:00,622246271909888
2020-05-24 00:00:00,629186044275371
2020-05-23 00:00:00,627187631783936
2020-05-22 00:00:00,615713626652672
2020-05-21 00:00:00,586119512413525
2020-05-20 00:00:00,577058861336349
2020-05-19 00:00:00,574473350676480
2020-05-18 00:00:00,563512594137088
2020-05-17 00:00:00,542890308665344
2020-05-16 00:00:00,513873211351950
2020-05-15 00:00:00,473477194711040
2020-05-14 00:00:00,449415594872377
2020-05-13 00:00:00,431091773079552
2020-05-12 00:00:00,415976172552192
2020-05-11 00:00:00,400343624988900
2020-05-10 00:00:00,368350234644025
2020-05-09 00:00:00,341925299224576
2020-05-08 00:00:00,342520331152043
2020-05-07 00:00:00,357044926283776
2020-05-06 00:00:00,347887578790116
2020-05-05 00:00:00,335439809129131
2020-05-04 00:00:00,332546432827392
2020-05-03 00:00:00,327601255204636
2020-05-02 00:00:00,324718556668814
2020-05-01 00:00:00,322942885953536
2020-04-30 00:00:00,320572064006144
2020-04-29 00:00:00,314185089723051
2020-04-28 00:00:00,308488173518848
2020-04-27 00:00:00,316259916840960
2020-04-26 00:00:00,316207303491584
2020-04-25 00:00:00,315199059918848
2020-04-24 00:00:00,308404421656576
2020-04-23 00:00:00,306973958937714
2020-04-22 00:00:00,302500839977415
2020-04-21 00:00:00,293032733704192
2020-04-20 00:00:00,292941525301476
2020-04-19 00:00:00,295043852140544
2020-04-18 00:00:00,296774216916082
2020-04-17 00:00:00,289506565554176
2020-04-16 00:00:00,291268486408875
2020-04-15 00:00:00,292663724430677
2020-04-14 00:00:00,294415713173504
2020-04-13 00:00:00,295436543386510
2020-04-12 00:00:00,294610418357589
2020-04-11 00:00:00,289373421568000
2020-04-10 00:00:00,278423641056142
2020-04-09 00:00:00,268340250891605
2020-04-08 00:00:00,257281187322994
2020-04-07 00:00:00,245886877696000
2020-04-06 00:00:00,240509369858276
2020-04-05 00:00:00,240953869147250
2020-04-04 00:00:00,243833883328512
2020-04-03 00:00:00,245420635135090
2020-04-02 00:00:00,244422830718976
2020-04-01 00:00:00,243517487404373
2020-03-31 00:00:00,246745871155200
2020-03-30 00:00:00,244366369794731
2020-03-29 00:00:00,243866960541924
2020-03-28 00:00:00,248068721082368
2020-03-27 00:00:00,247909419552313
2020-03-26 00:00:00,247976021371563
2020-03-25 00:00:00,248219044937728
2020-03-24 00:00:00,253436475765191
2020-03-23 00:00:00,250994428943474
2020-03-22 00:00:00,239019224989696
2020-03-21 00:00:00,234921557753856
2020-03-20 00:00:00,227880644873785
2020-03-19 00:00:00,218063602333924
2020-03-18 00:00:00,203353816563712
2020-03-17 00:00:00,200895544309988
2020-03-16 00:00:00,200836607814315
2020-03-15 00:00:00,200312979718144
2020-03-14 00:00:00,195322227720192
2020-03-13 00:00:00,208251988155506
2020-03-12 00:00:00,211934117305458
2020-03-11 00:00:00,215229401137152
2020-03-10 00:00:00,222814909905124
2020-03-09 00:00:00,224238810868395
2020-03-08 00:00:00,224725573828608
2020-03-07 00:00:00,227078112338830
2020-03-06 00:00:00,225926733015723
2020-03-05 00:00:00,223175090634752
2020-03-04 00:00:00,218237399378603
2020-03-03 00:00:00,215592564482958
2020-03-02 00:00:00,215234113670713
2020-03-01 00:00:00,218613835366400
2020-02-29 00:00:00,219469011076892
2020-02-28 00:00:00,219088160817152
2020-02-27 00:00:00,217948115435520
2020-02-26 00:00:00,233233814563499
2020-02-25 00:00:00,233975740337721
2020-02-24 00:00:00,234277581094912
2020-02-23 00:00:00,233389656258788
2020-02-22 00:00:00,231367114402475
2020-02-21 00:00:00,228591044395008
2020-02-20 00:00:00,222772705886208
2020-02-19 00:00:00,219772939665408
2020-02-18 00:00:00,216180020565333
2020-02-17 00:00:00,208456237711360
2020-02-16 00:00:00,200758582575104
2020-02-15 00:00:00,201614533765803
2020-02-14 00:00:00,205771883151360
2020-02-13 00:00:00,202296180867072
2020-02-12 00:00:00,199832927644331
2020-02-11 00:00:00,196404559478784
2020-02-10 00:00:00,188381292134400
2020-02-09 00:00:00,179472724656128
2020-02-08 00:00:00,169596268402005
2020-02-07 00:00:00,164716290768896
2020-02-06 00:00:00,156787363574215
2020-02-05 00:00:00,156248583787861
2020-02-04 00:00:00,156694276123307
2020-02-03 00:00:00,154043297038336
2020-02-02 00:00:00,151871952460914
2020-02-01 00:00:00,150704645967417
2020-01-31 00:00:00,150293790588928
2020-01-30 00:00:00,153291439152242
2020-01-29 00:00:00,153993338217358
2020-01-28 00:00:00,154597347819520
2020-01-27 00:00:00,153504636556629
2020-01-26 00:00:00,151019640061952
2020-01-25 00:00:00,149861311243150
2020-01-24 00:00:00,152840706195456
2020-01-23 00:00:00,149386836661589
2020-01-22 00:00:00,146944938970681
2020-01-21 00:00:00,145157009702912
2020-01-20 00:00:00,144796321928533
2020-01-19 00:00:00,146165193623324
2020-01-18 00:00:00,147238398576412
2020-01-17 00:00:00,147450522238976
2020-01-16 00:00:00,148062018207744
2020-01-15 00:00:00,149017708083428
2020-01-14 00:00:00,150847841370112
2020-01-13 00:00:00,150128195738738
2020-01-12 00:00:00,149937308303360
2020-01-11 00:00:00,149902948564992
2020-01-10 00:00:00,145052498832043
2020-01-09 00:00:00,143947171102720
2020-01-08 00:00:00,143514781235428
2020-01-07 00:00:00,143864224546816
2020-01-06 00:00:00,145652720511659
2020-01-05 00:00:00,146944789839872
2020-01-04 00:00:00,148313810665472
2020-01-03 00:00:00,153345364852736
2020-01-02 00:00:00,152909634455324
2020-01-01 00:00:00,151376122347520
2019-12-31 00:00:00,154608085237760
2019-12-30 00:00:00,152049090035712
2019-12-29 00:00:00,148650398901134
2019-12-28 00:00:00,148773372166144
2019-12-27 00:00:00,148492767636139
2019-12-26 00:00:00,148543591415808
2019-12-25 00:00:00,149116969549824
2019-12-24 00:00:00,147742281753486
2019-12-23 00:00:00,147298766727851
2019-12-22 00:00:00,147261543677952
2019-12-21 00:00:00,138601449098809
2019-12-20 00:00:00,132863520058027
2019-12-19 00:00:00,126101264618837
2019-12-18 00:00:00,117049893322752
2019-12-17 00:00:00,116318904778752
2019-12-16 00:00:00,120249291986261
2019-12-15 00:00:00,126072001192846
2019-12-14 00:00:00,132097789394944
2019-12-13 00:00:00,143335943569408
2019-12-12 00:00:00,152334496577764
2019-12-11 00:00:00,161847252615168
2019-12-10 00:00:00,163739036578247
2019-12-09 00:00:00,164924775639723
2019-12-08 00:00:00,165416370438144
2019-12-07 00:00:00,163942928220160
2019-12-06 00:00:00,163020047122432
2019-12-05 00:00:00,162384123527168
2019-12-04 00:00:00,158547107119104
2019-12-03 00:00:00,159446872941454
2019-12-02 00:00:00,160855115169792
2019-12-01 00:00:00,156134946111488
2019-11-30 00:00:00,154036884413554
2019-11-29 00:00:00,152545069279915
2019-11-28 00:00:00,151818503979008
2019-11-27 00:00:00,153080508536149
2019-11-26 00:00:00,153495062358699
2019-11-25 00:00:00,154308630573511
2019-11-24 00:00:00,158733401325568
2019-11-23 00:00:00,161037651279872
2019-11-22 00:00:00,163336532525056
2019-11-21 00:00:00,168229574017024
2019-11-20 00:00:00,167230546728277
2019-11-19 00:00:00,166371284833621
2019-11-18 00:00:00,165347650961408
2019-11-17 00:00:00,162410072287915
2019-11-16 00:00:00,161366633844281
2019-11-15 00:00:00,161465000525824
2019-11-14 00:00:00,159515115199602
2019-11-13 00:00:00,157527231343275
2019-11-12 00:00:00,155549488381952
2019-11-11 00:00:00,154799211282432
2019-11-10 00:00:00,154480966136263
2019-11-09 00:00:00,153640643854336
2019-11-08 00:00:00,150667452743680
2019-11-07 00:00:00,149096508802844
2019-11-06 00:00:00,147246928858681
2019-11-05 00:00:00,144789372432839
2019-11-04 00:00:00,142721763246080
2019-11-03 00:00:00,141765954065749
2019-11-02 00:00:00,142987573999844
2019-11-01 00:00:00,147330263154688
2019-10-31 00:00:00,148765140145493
2019-10-30 00:00:00,148456260414123
2019-10-29 00:00:00,146789097275392
2019-10-28 00:00:00,145913460817920
2019-10-27 00:00:00,143634145534862
2019-10-26 00:00:00,141337799513429
2019-10-25 00:00:00,142880677036032
2019-10-24 00:00:00,142281797533696
2019-10-23 00:00:00,141229246032555
2019-10-22 00:00:00,139176703950848
2019-10-21 00:00:00,143742921779883
2019-10-20 00:00:00,143774746061483
2019-10-19 00:00:00,143589346639872
2019-10-18 00:00:00,141209099625358
2019-10-17 00:00:00,143414446027207
2019-10-16 00:00:00,144329333713579
2019-10-15 00:00:00,141501992534016
2019-10-14 00:00:00,144533523617109
2019-10-13 00:00:00,146776689592092
2019-10-12 00:00:00,149396142424064
2019-10-11 00:00:00,158925123893476
2019-10-10 00:00:00,159947087500629
2019-10-09 00:00:00,161087043403776
2019-10-08 00:00:00,160174661114994
2019-10-07 00:00:00,158399944836892
2019-10-06 00:00:00,154889405595648
2019-10-05 00:00:00,146266065702457
2019-10-04 00:00:00,141528645005767
2019-10-03 00:00:00,136201018860430
2019-10-02 00:00:00,129927807500288
2019-10-01 00:00:00,127008524730368
2019-09-30 00:00:00,130062748396203
2019-09-29 00:00:00,133850639251684
2019-09-28 00:00:00,139601251401728
2019-09-27 00:00:00,144118055086763
2019-09-26 00:00:00,148294125398699
2019-09-25 00:00:00,155361851998208
2019-09-24 00:00:00,154016095578795
2019-09-23 00:00:00,153865592766464
2019-09-22 00:00:00,155387621801984
2019-09-21 00:00:00,155862275340516
2019-09-20 00:00:00,154166121172537
2019-09-19 00:00:00,149009595367424
2019-09-18 00:00:00,144892988518855
2019-09-17 00:00:00,147754808741433
2019-09-16 00:00:00,149864085076196
2019-09-15 00:00:00,148094767333376
2019-09-14 00:00:00,144822897038677
2019-09-13 00:00:00,143123342688256
2019-09-12 00:00:00,143245749256192
2019-09-11 00:00:00,139712133886407
2019-09-10 00:00:00,136586520253781
2019-09-09 00:00:00,133176689397305
2019-09-08 00:00:00,129651238240256
2019-09-07 00:00:00,126759596982272
2019-09-06 00:00:00,128058593553067
2019-09-05 00:00:00,130962662883328
2019-09-04 00:00:00,137942001516544
2019-09-03 00:00:00,139076476862464
2019-09-02 00:00:00,140984616747008
2019-09-01 00:00:00,151109834375168
2019-08-31 00:00:00,151101840963812
2019-08-30 00:00:00,151092654505984
2019-08-29 00:00:00,150739751359829
2019-08-28 00:00:00,148476393073323
2019-08-27 00:00:00,145897497296896
2019-08-26 00:00:00,139615629475840
2019-08-25 00:00:00,137507337404416
2019-08-24 00:00:00,134543971567388
2019-08-23 00:00:00,130402661782869
2019-08-22 00:00:00,129532572991488
2019-08-21 00:00:00,136215884289365
2019-08-20 00:00:00,138236255593358
2019-08-19 00:00:00,137297605427200
2019-08-18 00:00:00,143584375341056
2019-08-17 00:00:00,145982896122539
2019-08-16 00:00:00,147914378706944
2019-08-15 00:00:00,147101317536882
2019-08-14 00:00:00,147302644128882
2019-08-13 00:00:00,150319560392704
2019-08-12 00:00:00,151407618774357
2019-08-11 00:00:00,151729144798322
2019-08-10 00:00:00,149503516606464
2019-08-09 00:00:00,143319276803413
2019-08-08 00:00:00,135923773734912
2019-08-07 00:00:00,125104948248576
2019-08-06 00:00:00,115788616127829
2019-08-05 00:00:00,106460747340914
2019-08-04 00:00:00,96826889164117
2019-08-03 00:00:00,84318133390905
2019-08-02 00:00:00,81509639782400
2019-08-01 00:00:00,83829205237760
2019-07-31 00:00:00,90427404553785
2019-07-30 00:00:00,94376281301902
2019-07-29 00:00:00,97381756436480
2019-07-28 00:00:00,102926958140530
2019-07-27 00:00:00,109796911888612
2019-07-26 00:00:00,117589141356544
2019-07-25 00:00:00,116235985019790
2019-07-24 00:00:00,116277332235605
2019-07-23 00:00:00,120322300837888
2019-07-22 00:00:00,117501394419712
2019-07-21 00:00:00,114811403763712
2019-07-20 00:00:00,114259243565056
2019-07-19 00:00:00,120655110471680
2019-07-18 00:00:00,124954638374229
2019-07-17 00:00:00,129812756809500
2019-07-16 00:00:00,142966576381952
2019-07-15 00:00:00,159917559600469
2019-07-14 00:00:00,173864571109376
2019-07-13 00:00:00,177091523204437
2019-07-12 00:00:00,178704999251968
2019-07-11 00:00:00,186929831797646
2019-07-10 00:00:00,188493229719552
2019-07-09 00:00:00,193926452827477
2019-07-08 00:00:00,194854076284928
2019-07-07 00:00:00,207019571150848
2019-07-06 00:00:00,208125525229568
2019-07-05 00:00:00,208910967373824
2019-07-04 00:00:00,209117662674944
2019-07-03 00:00:00,190697979598165
2019-07-02 00:00:00,185435213004800
2019-07-01 00:00:00,40283209365031
